track_id,track_name,artist_name,artist_id,hybrid_score,s_content,s_collab,w_content,w_collab,pre_score,from_content,from_tag,from_neighbor,long_term_sim,tag_cosine,mood_sim,cluster_tag_sim,tag_jaccard,group_listener_count,group_avg_ms,group_skip_rate,weighted_nbr_avg_ms,recent_skip_pct,recent_avg_valence,recent_avg_energy,valence_delta,energy_delta,tod_morning,tod_afternoon,tod_evening,tod_night,platform_mobile,platform_desktop
296,Running Through The Rain,YUGYEOM,2056,0.7841243480329677,0.9322878914216766,0.19147017447813203,0.8,0.2,0.7083418598210236,True,True,False,0.9620979321818103,0.9489644686505925,0.7116469572080573,0.9506931649088338,0.6,1.0,147692.5,0.5,0.0,0.5970372621695083,0.458,0.561,0.182,0.15899999999999992,0,0,0,0,0,0
1064,SUMMERIDE,Jay Park,896,0.7705337933886124,0.9076916965221375,0.22190218085451138,0.8,0.2,0.6992179599399133,True,False,False,0.9628576512080886,0.9014456716793451,0.7188876168701044,0.8513724279021924,0.6,1.0,156463.3,0.375,0.0,0.5970372621695083,0.458,0.561,0.12199999999999994,0.2589999999999999,0,0,0,0,0,0
2180,Didn't Cha Know,Erykah Badu,601,0.7665611815548117,0.8376061343851455,0.4823813702334764,0.8,0.2,0.8713298129489008,False,True,False,0.9416280005957812,0.8500758798147531,0.6911955231218825,0.8446000152758616,0.3333333333333333,4.0,77722.2697368421,0.5855263157894737,82914.02229857887,0.5970372621695083,0.458,0.561,0.36199999999999993,0.08100000000000007,0,0,0,0,0,0
2408,Frontin' (feat. JAY-Z) - Club Mix,Pharrell Williams,1489,0.7586426788094494,0.8336339248102566,0.45867769480622056,0.8,0.2,0.8955384508779572,False,True,False,0.9395027199686398,0.9214259041472943,0.608271904571283,0.9069853656779407,0.3333333333333333,4.0,76592.20833333333,0.75,98884.44934458371,0.5970372621695083,0.458,0.561,0.302,0.16100000000000003,0,0,0,0,0,0
3386,Can't Wait,Doja Cat,519,0.7532189808191194,0.8202052623549478,0.48527385467580564,0.8,0.2,0.7298391125334128,True,False,False,0.9513525219516102,0.790823808108931,0.6455025696026231,0.7128650111325462,0.6,1.0,230309.0,0.0,230309.0,0.5970372621695083,0.458,0.561,0.38199999999999995,0.22899999999999998,0,0,0,0,0,0
2835,Out The Way,Dear Silas,492,0.7525159219411324,0.8457553534709749,0.3795581958217618,0.8,0.2,0.772201456903051,True,False,True,0.9578750503820185,0.8213101082393158,0.7053350540179449,0.8184172845725355,0.3333333333333333,1.0,144962.0,0.0,144962.0,0.5970372621695083,0.458,0.561,0.292,0.018999999999999906,0,0,0,0,0,0
2101,PERFUME (Feat. Cha Cha Malone),sokodomo,2183,0.7522220966000105,0.8757880156171294,0.2579584205315348,0.8,0.2,0.6892629620732936,True,False,False,0.9624806490125043,0.8526131878352076,0.7042084252546049,0.7651072335664041,0.6,1.0,129829.9693877551,0.11224489795918367,0.0,0.5970372621695083,0.458,0.561,0.21200000000000002,0.119,0,0,0,0,0,0
1476,All About U (Feat. Loco),YUGYEOM,2056,0.7491871253882111,0.9080342056724413,0.11379880425128971,0.8,0.2,0.7085364265422297,True,True,False,0.9624870656242225,0.9489644686505925,0.6443415793791796,0.9506931649088338,0.6,1.0,76102.0,0.6666666666666666,0.0,0.5970372621695083,0.458,0.561,0.07200000000000001,0.1389999999999999,0,0,0,0,0,0
1835,"RESPECT (Feat. GRAY, DJ Pumkin)",Loco,1157,0.7476809816671677,0.8816428186919898,0.21183363356787915,0.8,0.2,0.6865383265531517,True,False,False,0.9570313779722204,0.8526131878352076,0.7335572113263655,0.7651072335664041,0.6,1.0,126750.66666666667,0.3333333333333333,0.0,0.5970372621695083,0.458,0.561,0.432,0.30899999999999994,0,0,0,0,0,0
537,Summer Night,GRAY,694,0.7472977098819867,0.9238913878902262,0.040922997849028926,0.8,0.2,0.706438221316853,False,True,False,0.9577918088635669,0.9502115844253478,0.7086999479685192,0.9266709616431538,0.6,1.0,66076.4,1.0,0.0,0.5970372621695083,0.458,0.561,0.39199999999999996,0.29899999999999993,0,0,0,0,0,0
5648,act iv: fckin u (18+),4batz,27,0.7468485375135374,0.8433510787411995,0.3608383726028887,0.8,0.2,0.7410752122504656,True,False,False,0.9613667725320006,0.8219686802432189,0.6782593296494526,0.8450389647593359,0.3333333333333333,1.0,129849.0,0.0,129849.0,0.5970372621695083,0.458,0.561,0.10200000000000004,0.018999999999999906,0,0,0,0,0,0
667,MURDA (Feat. Dok2),Chancellor,350,0.7467273500241863,0.8788913615878147,0.21807130376967288,0.8,0.2,0.6941206530353755,False,True,False,0.9253767938509366,0.9696612805495359,0.6477326574367632,0.9346347837430282,0.6,1.0,136822.33333333334,0.3333333333333333,0.0,0.5970372621695083,0.458,0.561,0.28800000000000003,0.018999999999999906,0,0,0,0,0,0
2936,John Redcorn,SiR,1725,0.7449356535605847,0.8333601114760086,0.3912378218988888,0.8,0.2,0.8476827014482573,True,False,False,0.9625923146328774,0.8213101082393158,0.6598836834434717,0.8184172845725355,0.3333333333333333,3.0,78968.5,0.5,68348.83187379365,0.5970372621695083,0.458,0.561,0.192,0.12100000000000005,0,0,0,0,0,0
105,Hug Me,Crush,433,0.7435651610668355,0.8855276202043807,0.1757153245166543,0.8,0.2,0.6825805783918631,False,True,False,0.9100765230135873,0.9502115844253478,0.7204754700353533,0.9266709616431538,0.6,1.0,122253.9,0.5,0.0,0.5970372621695083,0.458,0.561,0.15800000000000003,0.32899999999999996,0,0,0,0,0,0
2277,I Fancy You,Crush,433,0.74323940041815,0.9283926590420468,0.002626365922562313,0.8,0.2,0.7111626208956475,False,True,False,0.967240608021156,0.9502115844253478,0.6978988749671711,0.9266709616431538,0.6,1.0,4240.666666666667,1.0,0.0,0.5970372621695083,0.458,0.561,0.16199999999999998,0.18899999999999995,0,0,0,0,0,0
985,A.O.M.G.,Loco,1157,0.7395896110870327,0.8643960004266809,0.2403640537284395,0.8,0.2,0.6846730830425123,True,False,False,0.9533008909509416,0.8526131878352076,0.6954995684374466,0.7651072335664041,0.6,1.0,145906.5,0.25,0.0,0.5970372621695083,0.458,0.561,0.39199999999999996,0.18899999999999995,0,0,0,0,0,0
3073,Sundress,A$AP Rocky,45,0.7370626087146889,0.8223375186157682,0.39596296911037127,0.8,0.2,0.7682853390732143,True,False,False,0.9622373347744991,0.790823808108931,0.6247072448952786,0.7128650111325462,0.6,1.0,158206.0,0.0,158206.0,0.5970372621695083,0.458,0.561,0.282,0.1489999999999999,0,0,0,0,0,0
1593,In the morning,ITZY,813,0.7369285407818407,0.8899168460062248,0.12497531988430408,0.8,0.2,0.6892218767791753,True,False,False,0.9623984784242677,0.8526131878352076,0.7430631974848968,0.7651072335664041,0.6,1.0,80692.75,0.625,0.0,0.5970372621695083,0.458,0.561,0.26199999999999996,0.249,0,0,0,0,0,0
136,말라깽이 (Malla Gang) (Feat. E SENS),Zion.T,2096,0.7348077185006916,0.8709143664840138,0.19038112656740275,0.8,0.2,0.6841784547034685,True,False,False,0.952311634272854,0.8526131878352076,0.7157526900378758,0.7651072335664041,0.6,1.0,92112.33333333333,0.3333333333333333,0.0,0.5970372621695083,0.458,0.561,0.342,0.031000000000000028,0,0,0,0,0,0
2986,You Know What,N.E.R.D,1340,0.7330853790113052,0.8659546483497361,0.20160830165758167,0.8,0.2,0.7273237688303819,True,True,False,0.9459555962500742,0.8967298535267241,0.7081889331904716,0.8841411696959727,0.3333333333333333,2.0,1278.5,0.5,1318.3475418392886,0.5970372621695083,0.458,0.561,0.48199999999999993,0.22899999999999998,0,0,0,0,0,0
2303,Friday ya,Crush,433,0.7296574636249905,0.8630045090856768,0.19626928178224481,0.8,0.2,0.6968450295277042,False,True,False,0.9386054252852694,0.9502115844253478,0.5890630668401351,0.9266709616431538,0.6,1.0,126947.5294117647,0.4117647058823529,0.0,0.5970372621695083,0.458,0.561,0.282,0.119,0,0,0,0,0,0
4082,The Violence,Childish Gambino,370,0.7285752770025701,0.8547656564940163,0.22381375903678494,0.8,0.2,0.676139076145642,True,False,False,0.9609486290477115,0.790823808108931,0.7165770704862147,0.7128650111325462,0.6,1.0,180690.66666666666,1.0,180690.66666666666,0.5970372621695083,0.458,0.561,0.062,0.20899999999999996,0,0,0,0,0,0
2790,Belong in the Sun,¿Téo?,2207,0.7281151903719255,0.8517423013928711,0.23360674628814326,0.8,0.2,0.7388102932138756,True,False,False,0.9642885164319406,0.790823808108931,0.700135005866472,0.7128650111325462,0.6,1.0,80953.33333333333,0.3333333333333333,80953.33333333333,0.5970372621695083,0.458,0.561,0.202,0.1389999999999999,0,0,0,0,0,0
5441,Can't Take My Eyes Off of You - (I Love You Baby),Ms. Lauryn Hill,1329,0.7278281900596008,0.8687713596314894,0.1640555117720462,0.8,0.2,0.7133878119918402,False,True,False,0.9364067903761055,0.9214259041472943,0.7119750618642596,0.9069853656779407,0.3333333333333333,1.0,67860.2,0.6,67860.2,0.5970372621695083,0.458,0.561,0.172,0.09899999999999998,0,0,0,0,0,0
2276,I’m Fine,Crush,433,0.7258716351109863,0.8813309261057749,0.10403447113183119,0.8,0.2,0.6900319274560295,False,True,False,0.9249792211419198,0.9502115844253478,0.6725359469847815,0.9266709616431538,0.6,1.0,60336.0,0.6666666666666666,0.0,0.5970372621695083,0.458,0.561,0.40199999999999997,0.29899999999999993,0,0,0,0,0,0
748,Get Up (feat. Chamillionaire),Ciara,384,0.7233827077903582,0.8693136105210654,0.13965909686752956,0.8,0.2,0.7197013147086049,False,True,False,0.9307106880065202,0.8967298535267241,0.7546737714615067,0.8841411696959727,0.3333333333333333,2.0,28972.6,0.9,2770.0,0.5970372621695083,0.458,0.561,0.172,0.06899999999999995,0,0,0,0,0,0
2304,Give It to Me,Crush,433,0.722945239915451,0.8835049111630375,0.08070655492510467,0.8,0.2,0.7038243287887109,False,True,False,0.9525640238072828,0.9502115844253478,0.6109996841966853,0.9266709616431538,0.6,1.0,130313.0,1.0,0.0,0.5970372621695083,0.458,0.561,0.14800000000000002,0.04899999999999993,0,0,0,0,0,0
299,Hey Baby,Crush,433,0.7225344457010551,0.9004128607037671,0.011020785690206755,0.8,0.2,0.7007924490856386,False,True,False,0.9465002644011383,0.9502115844253478,0.6720910358180193,0.9266709616431538,0.6,1.0,17794.733333333334,1.0,0.0,0.5970372621695083,0.458,0.561,0.24199999999999994,0.3989999999999999,0,0,0,0,0,0
2692,Ex-Factor,Ms. Lauryn Hill,1329,0.721728843859518,0.8469007507887305,0.22104121614266803,0.8,0.2,0.7668847706765554,False,True,False,0.9419976516428503,0.9214259041472943,0.6384637385964057,0.9069853656779407,0.3333333333333333,2.0,50290.6,0.7,48269.721716427055,0.5970372621695083,0.458,0.561,0.21200000000000002,0.05899999999999994,0,0,0,0,0,0
1285,In My Head,GRAY,694,0.7214669647309201,0.8615666235699833,0.16106832937466709,0.8,0.2,0.6813678686092356,True,False,False,0.9567640183266367,0.8274292972295866,0.7047767339195262,0.7472073779074875,0.6,1.0,98604.1,0.5,0.0,0.5970372621695083,0.458,0.561,0.422,0.18899999999999995,0,0,0,0,0,0
6178,Say My Name,Destiny's Child,505,0.7210931229933663,0.883842503804921,0.07009559974714685,0.8,0.2,0.7013389422482625,True,True,False,0.9689859430858354,0.8967298535267241,0.7007848699009902,0.8841411696959727,0.3333333333333333,1.0,56590.0,1.0,56590.0,0.5970372621695083,0.458,0.561,0.27199999999999996,0.119,0,0,0,0,0,0
1839,Day & Night (feat. Jay Park),Lee Young Ji,1114,0.7209821083338357,0.8733253691371168,0.11160906512071134,0.8,0.2,0.6832295436400689,True,False,False,0.9504138121460549,0.8526131878352076,0.7269915871360543,0.7651072335664041,0.6,1.0,72566.33333333333,0.6666666666666666,0.0,0.5970372621695083,0.458,0.561,0.412,0.239,0,0,0,0,0,0
1775,Got It Like That,Cha Cha Malone,346,0.7207380490006904,0.83786261070244,0.2522398021936917,0.8,0.2,0.6812870389343998,True,False,False,0.958786605771512,0.8219686802432189,0.669556099786844,0.8450389647593359,0.3333333333333333,1.0,165897.18181818182,0.25252525252525254,0.0,0.5970372621695083,0.458,0.561,0.24199999999999994,0.1489999999999999,0,0,0,0,0,0
2685,Like You Love (feat. Oblé Reed),Ava La'Rae,161,0.7186078894048155,0.8266846451188878,0.2863008665485254,0.8,0.2,0.7437043688751923,False,True,False,0.9250139736883345,0.9134805432745299,0.6222714318104827,0.9256075204712463,0.3333333333333333,1.0,123494.66666666667,0.3333333333333333,123494.66666666666,0.5970372621695083,0.458,0.561,0.028000000000000025,0.07899999999999996,0,0,0,0,0,0
4276,Doo Wop (That Thing),Ms. Lauryn Hill,1329,0.7178490232164217,0.8518010979722005,0.18204072419330655,0.8,0.2,0.7326815593889711,False,True,False,0.9467927571190246,0.9214259041472943,0.6401393249313935,0.9069853656779407,0.3333333333333333,2.0,74943.125,1.0,57524.09429252765,0.5970372621695083,0.458,0.561,0.04199999999999998,0.051000000000000045,0,0,0,0,0,0
4445,Cable Box,Mac Miller,1214,0.7176817077781035,0.759396858291547,0.5508211057243286,0.8,0.2,0.7072317155304451,True,False,False,0.9519703710205736,0.6762422004216838,0.6766827232208408,0.607974191476892,0.3333333333333333,1.0,283227.0,0.0,283227.0,0.5970372621695083,0.458,0.561,0.188,0.06899999999999995,0,0,0,0,0,0
573,Late Night,Loco,1157,0.7165012372101073,0.8545771094875434,0.16419774810036258,0.8,0.2,0.6818830779444316,True,False,False,0.9577944369970286,0.8274292972295866,0.6831339430919429,0.7472073779074875,0.6,1.0,85716.44444444444,0.4444444444444444,0.0,0.5970372621695083,0.458,0.561,0.342,0.349,0,0,0,0,0,0
434,Tonight,Jay Park,896,0.715918567052801,0.861515975338794,0.1335289339088287,0.8,0.2,0.6847107806437761,True,False,False,0.9634498423957177,0.8274292972295866,0.6882818721205689,0.7472073779074875,0.6,1.0,86430.6,0.6,0.0,0.5970372621695083,0.458,0.561,0.27199999999999996,0.20899999999999996,0,0,0,0,0,0
2999,SALAD,Oblé Reed,1414,0.7145907200705239,0.7896116743292917,0.4145069030354523,0.8,0.2,0.7465992498863161,True,False,True,0.9646977994756017,0.6762422004216838,0.7282080519188343,0.607974191476892,0.3333333333333333,1.0,173177.0,0.0,173177.0,0.5970372621695083,0.458,0.561,0.21200000000000002,0.1289999999999999,0,0,0,0,0,0
346,Doomsday,MF DOOM,1197,0.7140911326480407,0.8375498236485523,0.2202563686459943,0.8,0.2,0.703287765372833,True,False,False,0.950064229491919,0.7662782531343676,0.7212137006628248,0.6948069781756708,0.6,2.0,85434.625,0.7777777777777778,36975.25,0.5970372621695083,0.458,0.561,0.332,0.2789999999999999,0,0,0,0,0,0
993,"Party Band (Feat. PUNCHNELLO, Thur)",Loco,1157,0.7138407487077257,0.8364957685542564,0.2232206693216029,0.8,0.2,0.6867005060093615,True,False,False,0.9674292931268883,0.8274292972295866,0.6100960360489635,0.7472073779074875,0.6,1.0,198958.5,0.5,0.0,0.5970372621695083,0.458,0.561,0.312,0.05899999999999994,0,0,0,0,0,0
3480,Go Off,Doja Cat,519,0.7097379571229335,0.8497853189893252,0.14954850965736682,0.8,0.2,0.6909475223133609,True,False,False,0.9515667947592683,0.790823808108931,0.7259036867100079,0.7128650111325462,0.6,1.0,66912.66666666667,0.6666666666666666,66912.66666666667,0.5970372621695083,0.458,0.561,0.09200000000000003,0.031000000000000028,0,0,0,0,0,0
745,Pride and Prejudice (Feat. SURAN),ZICO,2084,0.7093866248797035,0.8577834980790022,0.11579913208250867,0.8,0.2,0.6856600224594506,True,True,False,0.9611996808086528,0.837800910275621,0.6727806815170181,0.7552671884024081,0.6,1.0,79331.83333333333,0.6666666666666666,0.0,0.5970372621695083,0.458,0.561,0.07200000000000001,0.08899999999999997,0,0,0,0,0,0
1352,UNTOUCHABLE II,Nueve Lio,1404,0.7093746144963895,0.8414765203045519,0.18096699126373977,0.8,0.2,0.6843031276933241,True,False,False,0.9650822120909218,0.8213101082393158,0.6759972874815473,0.8184172845725355,0.3333333333333333,1.0,61534.142857142855,0.2857142857142857,0.0,0.5970372621695083,0.458,0.561,0.12199999999999994,0.028999999999999915,0,0,0,0,0,0
4187,Prototype,Outkast,1445,0.7073487640665106,0.7331610902825498,0.6040994592023534,0.8,0.2,0.7310716240994799,True,True,False,0.901576706668399,0.9214259041472943,0.4261804052980455,0.9069853656779407,0.3333333333333333,1.0,326240.0,0.0,326240.0,0.5970372621695083,0.458,0.561,0.268,0.19100000000000006,0,0,0,0,0,0
128,G.O.N.Z.O,Dok2,520,0.7054460469394048,0.8573199858801461,0.09795029117643937,0.8,0.2,0.682936684562481,True,False,False,0.9599016502331275,0.8274292972295866,0.6854828053588876,0.7472073779074875,0.6,1.0,50512.166666666664,0.6666666666666666,0.0,0.5970372621695083,0.458,0.561,0.13199999999999995,0.20899999999999996,0,0,0,0,0,0
444,KAZINO,BIBI,177,0.7050419905614228,0.8460930677471155,0.14083768181865197,0.8,0.2,0.683764713948768,True,False,False,0.9514841527634531,0.8526131878352076,0.6498707774478879,0.7651072335664041,0.6,1.0,83879.22222222222,0.5555555555555556,0.0,0.5970372621695083,0.458,0.561,0.198,0.1289999999999999,0,0,0,0,0,0
2725,Too Bad,ARDN,60,0.7039084914432893,0.8293172565153334,0.20227343115511257,0.8,0.2,0.7225136975462425,True,False,False,0.95000144173258,0.8213101082393158,0.6796257098062681,0.8184172845725355,0.3333333333333333,1.0,82568.0,0.5,82568.0,0.5970372621695083,0.458,0.561,0.118,0.1489999999999999,0,0,0,0,0,0
2803,You Can't Save Me,SiR,1725,0.7037161535877502,0.7731118566242353,0.4261333414418094,0.8,0.2,0.8155004892931097,False,False,True,0.9109750252263146,0.8213101082393158,0.6213333975187456,0.8184172845725355,0.3333333333333333,2.0,138148.75,0.25,146245.30216025544,0.5970372621695083,0.458,0.561,0.09200000000000003,0.018999999999999906,0,0,0,0,0,0
3797,Luckily I’m Having (feat. Teezo Touchdown),Don Toliver,527,0.7033986771350681,0.7690332040847595,0.4408605693363022,0.8,0.2,0.7137292470084865,True,False,False,0.9649654339766565,0.6762422004216838,0.6712545900979712,0.607974191476892,0.3333333333333333,1.0,194453.0,0.0,194453.0,0.5970372621695083,0.458,0.561,0.03199999999999997,0.05899999999999994,0,0,0,0,0,0
2279,I Want You,Crush,433,0.7031176162286573,0.8328071067373459,0.1843596541939025,0.8,0.2,0.6713364842512625,False,True,False,0.8875883347323857,0.9502115844253478,0.6312577693802676,0.9266709616431538,0.6,1.0,127713.31578947368,0.47368421052631576,0.0,0.5970372621695083,0.458,0.561,0.178,0.15899999999999992,0,0,0,0,0,0
2455,2 On (feat. ScHoolboy Q),Tinashe,1928,0.7027387686701692,0.8735282883294975,0.019580690032855595,0.8,0.2,0.7040868494826907,False,True,False,0.9646033373064637,0.9214259041472943,0.6560086534654942,0.9069853656779407,0.3333333333333333,1.0,31616.0,1.0,0.0,0.5970372621695083,0.458,0.561,0.068,0.038999999999999924,0,0,0,0,0,0
2405,Light Your Ass On Fire (feat. Pharrell) - Club Mix,Busta Rhymes,304,0.7015826990835055,0.8763993016575662,0.002316288787262158,0.8,0.2,0.6960439992983859,False,True,False,0.9485176369378542,0.9214259041472943,0.7032154842021427,0.9069853656779407,0.3333333333333333,1.0,3740.0,1.0,0.0,0.5970372621695083,0.458,0.561,0.25199999999999995,0.1489999999999999,0,0,0,0,0,0
168,센 척 (Prod. GRAY),pH-1,2169,0.7008424991209701,0.8251760410146229,0.2035083315463579,0.8,0.2,0.684458262388549,True,False,False,0.9629448058852635,0.8274292972295866,0.5900983648967102,0.7472073779074875,0.6,1.0,127425.37704918033,0.3770491803278688,0.0,0.5970372621695083,0.458,0.561,0.24199999999999994,0.08899999999999997,0,0,0,0,0,0
4380,Black&Blue,Vince Staples,1997,0.7008269208775731,0.7645250411921697,0.4460344396191867,0.8,0.2,0.7071227202710899,True,False,False,0.9517523805018633,0.6762422004216838,0.6912457355809077,0.607974191476892,0.3333333333333333,1.0,198630.0,0.0,198630.0,0.5970372621695083,0.458,0.561,0.08800000000000002,0.22899999999999998,0,0,0,0,0,0
2832,HOP OUT CHO FEELINS,Kal Banx,999,0.700510049104543,0.772575381823021,0.41224871823063036,0.8,0.2,0.7790909525111422,False,False,True,0.954681204725254,0.6762422004216838,0.7061047929266351,0.607974191476892,0.3333333333333333,2.0,164367.0,0.5,178340.81744234636,0.5970372621695083,0.458,0.561,0.05199999999999999,0.30899999999999994,0,0,0,0,0,0
407,Best Friend,Pharrell Williams,1489,0.6997503009711462,0.8318685084352231,0.1712774711148387,0.8,0.2,0.6956327973652598,False,True,False,0.95757365331983,0.8967298535267241,0.5865132579415719,0.8841411696959727,0.3333333333333333,1.0,133028.88888888888,0.5555555555555556,0.0,0.5970372621695083,0.458,0.561,0.16199999999999998,0.18899999999999995,0,0,0,0,0,0
1129,Birthday - Remix,Jay Park,896,0.6991664646050224,0.8241889663958051,0.1990764574418914,0.8,0.2,0.6834681835131332,True,False,False,0.9609646481344318,0.8274292972295866,0.5922422064914045,0.7472073779074875,0.6,1.0,159974.0,0.5,0.0,0.5970372621695083,0.458,0.561,0.12199999999999994,0.1489999999999999,0,0,0,0,0,0
4461,Who's Gonna Save My Soul - Original Mix,Gnarls Barkley,723,0.6977827482762207,0.8168235864735893,0.22161939548674559,0.8,0.2,0.7098430064518653,False,True,False,0.9425562896966274,0.8590790831782047,0.6228647769467626,0.8512078750959934,0.3333333333333333,1.0,98186.5,0.5,98186.5,0.5970372621695083,0.458,0.561,0.14199999999999996,0.038999999999999924,0,0,0,0,0,0
2278,Lovely,Crush,433,0.6973957906937495,0.8709131349747947,0.0033264135695681876,0.8,0.2,0.6882556035164121,False,True,False,0.9214265732626852,0.9502115844253478,0.6527261340273705,0.9266709616431538,0.6,1.0,5371.0,1.0,0.0,0.5970372621695083,0.458,0.561,0.202,0.29899999999999993,0,0,0,0,0,0
1029,That Girl,Pharrell Williams,1489,0.6972940846503171,0.8248555030566956,0.1870484110248026,0.8,0.2,0.7254624731534927,False,True,False,0.9422330048962957,0.8967298535267241,0.6048566180358423,0.8841411696959727,0.3333333333333333,2.0,56668.27272727273,0.8181818181818181,25170.0,0.5970372621695083,0.458,0.561,0.24199999999999994,0.239,0,0,0,0,0,0
3148,New Sky,SiR,1725,0.6972755543675476,0.8095069455427469,0.24834998966675018,0.8,0.2,0.7713321980705894,True,False,False,0.9501416262215715,0.8213101082393158,0.6250855788495027,0.8184172845725355,0.3333333333333333,3.0,24551.44444444444,0.8888888888888888,17635.80765892224,0.5970372621695083,0.458,0.561,0.20800000000000002,0.08899999999999997,0,0,0,0,0,0
2573,COLE PIMP (with Ty Dolla $ign & Juicy J),Denzel Curry,501,0.693463624748594,0.7490709674805833,0.47103425382063685,0.8,0.2,0.736631209156046,False,False,True,0.9447617180150614,0.6762422004216838,0.6660684363194141,0.607974191476892,0.3333333333333333,1.0,218813.0,0.0,218812.99999999997,0.5970372621695083,0.458,0.561,0.302,0.2589999999999999,0,0,0,0,0,0
809,Stay With Me,Pharrell Williams,1489,0.6933550256194443,0.8336700561354935,0.132094903555247,0.8,0.2,0.6923757114279199,False,True,False,0.9510594814451501,0.8967298535267241,0.6073783098010026,0.8841411696959727,0.3333333333333333,1.0,105643.83333333333,0.6666666666666666,0.0,0.5970372621695083,0.458,0.561,0.008000000000000007,0.05899999999999994,0,0,0,0,0,0
2413,Loser (feat. Clipse),N.E.R.D,1340,0.6927682186634987,0.8657342183771406,0.0009042198089312267,0.8,0.2,0.6948060886109043,False,True,False,0.946041815562891,0.9214259041472943,0.6800947635762098,0.9069853656779407,0.3333333333333333,1.0,1460.0,1.0,0.0,0.5970372621695083,0.458,0.561,0.432,0.31899999999999995,0,0,0,0,0,0
1225,Best Lover,88rising,34,0.692490800878825,0.8276630970029739,0.15180161638222872,0.8,0.2,0.699088038973097,False,True,False,0.9546057162872764,0.9214259041472943,0.5549886821972,0.9069853656779407,0.3333333333333333,1.0,83641.58333333333,0.5,0.0,0.5970372621695083,0.458,0.561,0.062,0.09899999999999998,0,0,0,0,0,0
2871,tarragonbutter,Blvck Svm,262,0.6923851795371256,0.7619553895436749,0.4141043395109282,0.8,0.2,0.7355504591557949,False,False,True,0.9426002180145593,0.6762422004216838,0.7066056498696729,0.607974191476892,0.3333333333333333,1.0,172852.0,0.0,172852.00000000003,0.5970372621695083,0.458,0.561,0.302,0.14100000000000007,0,0,0,0,0,0
922,IS THIS LOVE,XG,2041,0.6903206916094842,0.8416069804052184,0.08517553642654745,0.8,0.2,0.6973027404444978,False,True,False,0.9510351192300779,0.9214259041472943,0.6018716128811039,0.9069853656779407,0.3333333333333333,1.0,56796.25,0.75,0.0,0.5970372621695083,0.458,0.561,0.0020000000000000018,0.1489999999999999,0,0,0,0,0,0
2724,Hello Miss Johnson,Jack Harlow,863,0.6898127211298575,0.7612496452778731,0.40406502453779464,0.8,0.2,0.7418323958224077,True,False,True,0.9551640913477848,0.6762422004216838,0.6739384260451164,0.607974191476892,0.3333333333333333,1.0,164747.0,0.0,164747.0,0.5970372621695083,0.458,0.561,0.118,0.1289999999999999,0,0,0,0,0,0
781,Pick Up The Phone,Ciara,384,0.6887067251449894,0.8174672089841297,0.17366478978842803,0.8,0.2,0.6839207208207442,False,True,False,0.9339897813692126,0.8971291506806897,0.5935165660224964,0.9096518620591809,0.3333333333333333,1.0,118943.0,0.5,0.0,0.5970372621695083,0.458,0.561,0.05199999999999999,0.01100000000000001,0,0,0,0,0,0
882,Whatever You Do,Crush,433,0.6881506111298447,0.840845962023298,0.07736920755603131,0.8,0.2,0.6837769705373566,False,True,False,0.9124693073045742,0.9502115844253478,0.5923813474648744,0.9266709616431538,0.6,1.0,66209.72727272728,0.8181818181818182,0.0,0.5970372621695083,0.458,0.561,0.282,0.29899999999999993,0,0,0,0,0,0
2962,SUNDIVER,Oblé Reed,1414,0.6875348681615995,0.7598301909226128,0.39835357711754565,0.8,0.2,0.7469609182828907,True,False,True,0.9654211362687508,0.6762422004216838,0.6449620882229998,0.607974191476892,0.3333333333333333,1.0,160136.0,0.0,160136.00000000003,0.5970372621695083,0.458,0.561,0.202,0.04899999999999993,0,0,0,0,0,0
2708,Egyptian Luvr,Rejjie Snow,1581,0.6874411179140374,0.7298472576062117,0.5178165591453401,0.8,0.2,0.7303317336810673,False,False,True,0.9321627670651041,0.6762422004216838,0.6442983402956739,0.607974191476892,0.3333333333333333,1.0,256581.57142857142,0.0,256581.57142857142,0.5970372621695083,0.458,0.561,0.442,0.028999999999999915,0,0,0,0,0,0
1977,15,pH-1,2169,0.687412037935784,0.8142210998444219,0.18017579030123204,0.8,0.2,0.677892544895828,True,False,False,0.9498133708998213,0.8274292972295866,0.5922526984794017,0.7472073779074875,0.6,1.0,129456.0,0.5,0.0,0.5970372621695083,0.458,0.561,0.062,0.20899999999999996,0,0,0,0,0,0
3823,That's Why I Love You,SiR,1725,0.6872840771827029,0.8245212356461068,0.13833544332908732,0.8,0.2,0.6955524268332919,True,False,False,0.9583317654029467,0.8213101082393158,0.6461252977952527,0.8184172845725355,0.3333333333333333,1.0,71315.5,0.75,71315.5,0.5970372621695083,0.458,0.561,0.09200000000000003,0.061000000000000054,0,0,0,0,0,0
6828,MONEY,LISA,1083,0.6870169996093906,0.8581225028587549,0.0025949866119327363,0.8,0.2,0.6745698452810192,False,True,False,0.9330944154279552,0.8526131878352076,0.7277699097153071,0.7651072335664041,0.6,1.0,2095.0,1.0,2095.0,0.5970372621695083,0.458,0.561,0.057999999999999996,0.01100000000000001,0,0,0,0,0,0
2414,Put 'Em Up (feat. Pharrell),N.O.R.E.,1341,0.6867142755851704,0.8578044823571584,0.002353448497218235,0.8,0.2,0.6985636508729786,False,True,False,0.9535569400870395,0.9214259041472943,0.6400154277908241,0.9069853656779407,0.3333333333333333,1.0,3800.0,1.0,0.0,0.5970372621695083,0.458,0.561,0.342,0.29899999999999993,0,0,0,0,0,0
1241,ONE NIGHT THING,Nueve Lio,1404,0.6866674367915828,0.8193233047416021,0.1560439649915059,0.8,0.2,0.6711718050855133,True,False,False,0.938556138073739,0.8219686802432189,0.6683282550413021,0.8450389647593359,0.3333333333333333,1.0,90491.5,0.5,0.0,0.5970372621695083,0.458,0.561,0.29800000000000004,0.119,0,0,0,0,0,0
2569,SK[I]NCARE.,Oblé Reed,1414,0.6862677572514765,0.758548534592602,0.39714464788697457,0.8,0.2,0.7443747566111598,True,False,True,0.9602488129252892,0.6762422004216838,0.6541093719058936,0.607974191476892,0.3333333333333333,1.0,159160.0,0.0,159160.0,0.5970372621695083,0.458,0.561,0.342,0.05899999999999994,0,0,0,0,0,0
1030,HOWLING,XG,2041,0.6862288685831931,0.81171477023791,0.18428526196432465,0.8,0.2,0.6906017856647192,True,True,False,0.9376332096705208,0.9214259041472943,0.552878931949404,0.9069853656779407,0.3333333333333333,1.0,109180.5,0.4166666666666667,0.0,0.5970372621695083,0.458,0.561,0.20800000000000002,0.15899999999999992,0,0,0,0,0,0
550,A Little Bit,Crush,433,0.6861637196837825,0.8352117455235084,0.08997161632487846,0.8,0.2,0.679851122358372,False,True,False,0.904617610946605,0.9502115844253478,0.5961757252826377,0.9266709616431538,0.6,1.0,64540.25,0.75,0.0,0.5970372621695083,0.458,0.561,0.07800000000000001,0.1389999999999999,0,0,0,0,0,0
2395,Good Girl,Vanessa Marquez,1988,0.6848222736620442,0.8508007094937337,0.02090853033528608,0.8,0.2,0.6916011420089987,False,True,False,0.9396319223590797,0.9214259041472943,0.6549208265725213,0.9069853656779407,0.3333333333333333,1.0,33760.0,1.0,0.0,0.5970372621695083,0.458,0.561,0.292,0.008999999999999897,0,0,0,0,0,0
6445,Temperature,Sean Paul,1695,0.6845783147342006,0.8555138699992478,0.000836093674011752,0.8,0.2,0.6762982279006514,False,True,False,0.9189045143906132,0.8967298535267241,0.7458031450613605,0.8841411696959727,0.3333333333333333,1.0,675.0,1.0,675.0,0.5970372621695083,0.458,0.561,0.36199999999999993,0.038999999999999924,0,0,0,0,0,0
862,Jigoobon Music (Feat. Kero One),Dynamicduo,548,0.6840820973541718,0.824159426675777,0.12377278006775046,0.8,0.2,0.6797352039306095,True,False,False,0.9534986889693844,0.8274292972295866,0.6104262234927624,0.7472073779074875,0.6,1.0,92206.5,0.6666666666666666,0.0,0.5970372621695083,0.458,0.561,0.0020000000000000018,0.369,0,0,0,0,0,0
3894,Shook Up,Erick the Architect,598,0.6832281690864335,0.8537980084928222,0.0009488114608785193,0.8,0.2,0.6834197094487592,True,False,False,0.9633153756017919,0.8213101082393158,0.7140289121624679,0.8184172845725355,0.3333333333333333,1.0,766.0,1.0,766.0,0.5970372621695083,0.458,0.561,0.08200000000000002,0.028999999999999915,0,0,0,0,0,0
2407,It Wasn't Us (feat. I-20),Ludacris,1174,0.6830563346188084,0.8529967113194842,0.0032948278161055223,0.8,0.2,0.6995944479436521,False,True,False,0.9556185342283864,0.9214259041472943,0.6218187814205742,0.9069853656779407,0.3333333333333333,1.0,5320.0,1.0,0.0,0.5970372621695083,0.458,0.561,0.202,0.04899999999999993,0,0,0,0,0,0
6860,Ms. Jackson,Outkast,1445,0.6827471939128223,0.852851823551716,0.002328675357247517,0.8,0.2,0.673974297422583,True,False,False,0.9566190716015934,0.790823808108931,0.7219330863073922,0.7128650111325462,0.6,1.0,1880.0,1.0,1880.0000000000002,0.5970372621695083,0.458,0.561,0.15199999999999997,0.249,0,0,0,0,0,0
4762,DEEP END,Döuno,549,0.6824064284936032,0.8473561985148095,0.022607348408778077,0.8,0.2,0.6796360892661616,True,False,False,0.9554847064350357,0.8219686802432189,0.7036065359175372,0.8450389647593359,0.3333333333333333,1.0,18251.5,1.0,18251.5,0.5970372621695083,0.458,0.561,0.04199999999999998,0.038999999999999924,0,0,0,0,0,0
964,GOOD BOY,GD X TAEYANG,684,0.681841137278857,0.8268903964609258,0.10164410055058157,0.8,0.2,0.6640490808351507,False,True,False,0.9120528865362184,0.8526131878352076,0.6938012084379366,0.7651072335664041,0.6,1.0,83387.25,0.75,0.0,0.5970372621695083,0.458,0.561,0.21800000000000003,0.2689999999999999,0,0,0,0,0,0
162,YUPPIE TING (Feat. Blase),pH-1,2169,0.6815189138088176,0.7911887457707186,0.2428395859612134,0.8,0.2,0.6567702407818491,True,False,False,0.9680436013950248,0.6762422004216838,0.7243373956700021,0.607974191476892,0.3333333333333333,1.0,143693.42307692306,0.23076923076923078,0.0,0.5970372621695083,0.458,0.561,0.10200000000000004,0.15899999999999992,0,0,0,0,0,0
1664,Crazy,Gnarls Barkley,723,0.6811423044014039,0.8248883846680328,0.10615798333488793,0.8,0.2,0.7253314700649336,False,True,False,0.9570313068585855,0.8590790831782047,0.6095166116995113,0.8512078750959934,0.3333333333333333,2.0,6883.0,1.0,3060.0,0.5970372621695083,0.458,0.561,0.15199999999999997,0.17899999999999994,0,0,0,0,0,0
2228,BODY,MINO,1204,0.6806296297388597,0.8478808381407597,0.011624796131259479,0.8,0.2,0.680337214020069,False,True,False,0.944629152906055,0.8526131878352076,0.671531943833546,0.7651072335664041,0.6,1.0,18770.0,1.0,0.0,0.5970372621695083,0.458,0.561,0.068,0.2589999999999999,0,0,0,0,0,0
618,IS THIS LOVE,XG,2041,0.6805079455912378,0.8416069804052184,0.03611180633531577,0.8,0.2,0.6973027404444978,False,True,False,0.9510351192300779,0.9214259041472943,0.6018716128811039,0.9069853656779407,0.3333333333333333,1.0,58308.0,1.0,0.0,0.5970372621695083,0.458,0.561,0.0020000000000000018,0.1489999999999999,0,0,0,0,0,0
2666,Yeah You,N.E.R.D,1340,0.6803411190634029,0.8501238568073611,0.0012101680875695952,0.8,0.2,0.6942113275029936,False,True,False,0.9547307135952977,0.8967298535267241,0.6434113718268942,0.8841411696959727,0.3333333333333333,1.0,977.0,1.0,977.0000000000001,0.5970372621695083,0.458,0.561,0.442,0.1289999999999999,0,0,0,0,0,0
2482,20 Min,Lil Uzi Vert,1138,0.6797693221056607,0.7728146322213488,0.30758808164290785,0.8,0.2,0.7709466932989396,True,False,False,0.9612681638168935,0.6762422004216838,0.6906449024721445,0.607974191476892,0.3333333333333333,2.0,98857.82291666667,0.5625,95042.6383178568,0.5970372621695083,0.458,0.561,0.322,0.18899999999999995,0,0,0,0,0,0
1809,Just the Way You Are,Bruno Mars,297,0.6789030658063839,0.8231225311931617,0.10202520425927288,0.8,0.2,0.7245452789306197,False,True,False,0.9403986164505498,0.8967298535267241,0.6046032167827349,0.8841411696959727,0.3333333333333333,2.0,1906.6666666666665,1.0,1363.3333333333333,0.5970372621695083,0.458,0.561,0.038000000000000034,0.2789999999999999,0,0,0,0,0,0
943,Love Contract (Prod. By GRAY) (Feat. Vinxen),GIRIBOY,688,0.6786733303836071,0.8462127212132753,0.008515767064934359,0.8,0.2,0.6795025340667523,False,True,False,0.9429597929994217,0.8526131878352076,0.6710522449115788,0.7651072335664041,0.6,1.0,13750.0,1.0,0.0,0.5970372621695083,0.458,0.561,0.332,0.249,0,0,0,0,0,0
2507,ACTIN UP,Tommy Richman,1939,0.6784103468468604,0.756589456549288,0.3656939080371494,0.8,0.2,0.7266330505120853,False,False,True,0.9247654007271401,0.6762422004216838,0.735556852911987,0.607974191476892,0.3333333333333333,1.0,133769.0,0.0,133769.0,0.5970372621695083,0.458,0.561,0.008000000000000007,0.02100000000000002,0,0,0,0,0,0
1655,Big Poppa - 2007 Remaster,The Notorious B.I.G.,1895,0.6777196014559506,0.8007217607272666,0.1857109643706862,0.8,0.2,0.709186798082994,False,True,False,0.9484896514330258,0.7997098618324061,0.6291099013699023,0.7980729672919327,0.3333333333333333,2.0,72827.3,0.8,980.0,0.5970372621695083,0.458,0.561,0.342,0.10899999999999999,0,0,0,0,0,0
2416,Pop Sh*t (feat. Pharrell),Ol' Dirty Bastard,1424,0.6768638392135118,0.8456462690174021,0.0017341199979502826,0.8,0.2,0.6970765082497464,False,True,False,0.9505826548405751,0.9214259041472943,0.614029241262195,0.9069853656779407,0.3333333333333333,1.0,2800.0,1.0,0.0,0.5970372621695083,0.458,0.561,0.23199999999999993,0.1289999999999999,0,0,0,0,0,0
4604,Out The Way,Dear Silas,492,0.6768443345430962,0.8457553534709749,0.0012002588315813078,0.8,0.2,0.6806995468388725,True,False,False,0.9578750503820185,0.8213101082393158,0.7053350540179449,0.8184172845725355,0.3333333333333333,1.0,969.0,1.0,968.9999999999999,0.5970372621695083,0.458,0.561,0.292,0.018999999999999906,0,0,0,0,0,0
2127,34-24-35 (Feat. Street Baby),sokodomo,2183,0.6767765651074759,0.8457926493908052,0.0007122279741581615,0.8,0.2,0.6801519702251414,False,True,False,0.9442586653161997,0.8526131878352076,0.6667254293239797,0.7651072335664041,0.6,1.0,1150.0,1.0,0.0,0.5970372621695083,0.458,0.561,0.258,0.119,0,0,0,0,0,0
2505,S.N.I.T.C.H.,Pusha T,1533,0.6762849867509276,0.7198477028079108,0.502034122522995,0.8,0.2,0.7256654341362389,False,False,True,0.9228301679754471,0.6762422004216838,0.6397728984864849,0.607974191476892,0.3333333333333333,1.0,243840.0,0.0,243840.0,0.5970372621695083,0.458,0.561,0.29800000000000004,0.04899999999999993,0,0,0,0,0,0
234,Yellow Tape,Chris Brown,375,0.6757594504546909,0.8121861837108423,0.1300525174300849,0.8,0.2,0.673048189076858,False,True,False,0.9512124334207537,0.7997098618324061,0.6538132928505593,0.7980729672919327,0.3333333333333333,1.0,117723.72857142857,0.7142857142857143,0.0,0.5970372621695083,0.458,0.561,0.07800000000000001,0.01100000000000001,0,0,0,0,0,0
5698,"act vii: all we do is argue, argue",4batz,27,0.6752119707090655,0.8344020560349442,0.038451629405550095,0.8,0.2,0.6814725280096621,True,False,False,0.9591575839220366,0.8219686802432189,0.6591811247412429,0.8450389647593359,0.3333333333333333,1.0,31043.0,1.0,31043.0,0.5970372621695083,0.458,0.561,0.10200000000000004,0.09100000000000008,0,0,0,0,0,0
2721,black samuarai.,jev.,2143,0.6743121709465922,0.7387661671394651,0.416496186175101,0.8,0.2,0.7289711602005094,False,False,True,0.9294416201039883,0.6762422004216838,0.6753558066117735,0.607974191476892,0.3333333333333333,1.0,174783.0,0.0,174783.0,0.5970372621695083,0.458,0.561,0.35200000000000004,0.2889999999999999,0,0,0,0,0,0
2572,AVE!,Oblé Reed,1414,0.6739652911321188,0.7377092132368599,0.4189896027131538,0.8,0.2,0.7442919707893599,True,False,True,0.9600832412816894,0.6762422004216838,0.5975020737300764,0.607974191476892,0.3333333333333333,1.0,176796.0,0.0,176796.0,0.5970372621695083,0.458,0.561,0.21200000000000002,0.028999999999999915,0,0,0,0,0,0
4240,Cooler Than Me - Single Mix,Mike Posner,1295,0.6731806721603589,0.7625945836094115,0.31552502636414825,0.8,0.2,0.7446646889011681,False,True,False,0.9392814649523326,0.7076293324459019,0.6751500280302459,0.6524181378775566,0.3333333333333333,2.0,106986.5,0.5,79546.21492274685,0.5970372621695083,0.458,0.561,0.172,0.2589999999999999,0,0,0,0,0,0
2575,LOYALTY. FEAT. RIHANNA.,Kendrick Lamar,1023,0.6730283494304091,0.7251935035474883,0.4643677329620919,0.8,0.2,0.8492381691229851,False,False,True,0.941978184701178,0.6762422004216838,0.6075539871268005,0.607974191476892,0.3333333333333333,3.0,127271.7777777778,0.4444444444444444,120184.33349420183,0.5970372621695083,0.458,0.561,0.038000000000000034,0.02100000000000002,0,0,0,0,0,0
6518,Irreplaceable,Beyoncé,227,0.672752083375516,0.8398500860106833,0.0043600728348464,0.8,0.2,0.6885580121886051,False,True,False,0.9335456627182925,0.9214259041472943,0.6398515522548579,0.9069853656779407,0.3333333333333333,1.0,3520.0,1.0,3520.0,0.5970372621695083,0.458,0.561,0.05199999999999999,0.1289999999999999,0,0,0,0,0,0
1342,I'm Sprung,T-Pain,1810,0.6725969068144123,0.8023331256076796,0.15365203164134314,0.8,0.2,0.6687572714333897,False,True,False,0.8971223255569674,0.9134805432745299,0.62388491840774,0.9256075204712463,0.3333333333333333,1.0,118922.4,0.6,0.0,0.5970372621695083,0.458,0.561,0.258,0.23100000000000004,0,0,0,0,0,0
2417,Popular Thug (feat. Nas),Kelis,1019,0.6724067658029437,0.8393085082363478,0.004799796069326646,0.8,0.2,0.6974516756392029,False,True,False,0.951332989619488,0.9214259041472943,0.594854722824546,0.9069853656779407,0.3333333333333333,1.0,7750.0,1.0,0.0,0.5970372621695083,0.458,0.561,0.26199999999999996,0.19899999999999995,0,0,0,0,0,0
6171,Am I Wrong,Nico & Vinz,1381,0.6717342135527234,0.8396244138959554,0.00017341217979504315,0.8,0.2,0.6968023488681999,True,True,False,0.9599127563257103,0.8967298535267241,0.6020095002078544,0.8841411696959727,0.3333333333333333,1.0,140.0,1.0,140.0,0.5970372621695083,0.458,0.561,0.302,0.119,0,0,0,0,0,0
11,UP ALL NITE (Feat. SUMIN),Crush,433,0.6715009085026808,0.7771807093870727,0.24878170496511293,0.8,0.2,0.6516842944252536,True,False,False,0.9503021957538055,0.6951659827417543,0.7222856436132208,0.7142953286719909,0.14285714285714285,1.0,144740.50537634408,0.20430107526881722,0.0,0.5970372621695083,0.458,0.561,0.442,0.10899999999999999,0,0,0,0,0,0
5936,Dang! (feat. Anderson .Paak),Mac Miller,1214,0.670301837373437,0.8376543384070597,0.0008918332389458677,0.8,0.2,0.6761884749840296,True,True,False,0.9574930052350967,0.7997098618324061,0.7081243582366976,0.7980729672919327,0.3333333333333333,1.0,720.0,1.0,720.0,0.5970372621695083,0.458,0.561,0.10200000000000004,0.10899999999999999,0,0,0,0,0,0
6843,La La La,Naughty Boy,1360,0.6701129514281108,0.8205879790077953,0.06821284110937227,0.8,0.2,0.6741428704878218,True,True,False,0.9502758139105368,0.8075248176627672,0.6697068878154777,0.8070411687974112,0.3333333333333333,1.0,55070.0,1.0,55070.0,0.5970372621695083,0.458,0.561,0.198,0.08899999999999997,0,0,0,0,0,0
2830,Jorja,Benji.,221,0.6695184677580925,0.7153399408994474,0.4862325751926724,0.8,0.2,0.7365222645917865,False,False,True,0.9445438288865424,0.6762422004216838,0.5743199148238727,0.607974191476892,0.3333333333333333,1.0,231083.0,0.0,231083.0,0.5970372621695083,0.458,0.561,0.03199999999999997,0.13100000000000006,0,0,0,0,0,0
2122,At first sight,TimeFeveR,1926,0.6692810770801821,0.8364232893566881,0.0007122279741581615,0.8,0.2,0.6894337189139729,False,True,False,0.966101921925489,0.8444137897561417,0.6397314984457617,0.826873781349514,0.3333333333333333,1.0,1150.0,1.0,0.0,0.5970372621695083,0.458,0.561,0.36199999999999993,0.1389999999999999,0,0,0,0,0,0
6579,Give It To Me,Timbaland,1925,0.668785856869339,0.8301743468460386,0.02323189696253986,0.8,0.2,0.6852483749800863,True,True,False,0.961042376346287,0.8361359340347142,0.6387079135237541,0.8318412433482522,0.3333333333333333,1.0,18755.714285714286,1.0,18755.714285714286,0.5970372621695083,0.458,0.561,0.36199999999999993,0.1489999999999999,0,0,0,0,0,0
2847,Can't Wake Up,Ahmad Anonimis,86,0.6687525816416119,0.7582887594290066,0.31060787049203264,0.8,0.2,0.7772155215258898,False,False,True,0.9050976996798502,0.790823808108931,0.5892694611908498,0.7128650111325462,0.6,2.0,81552.66666666667,0.5,97040.55269285703,0.5970372621695083,0.458,0.561,0.20800000000000002,0.13100000000000006,0,0,0,0,0,0
2985,GET OUT,LIFEOFTHOM,1082,0.6686788715841868,0.7301093342103675,0.4229570210794643,0.8,0.2,0.7336028900834122,False,False,True,0.9387050798697938,0.6762422004216838,0.6290101212591019,0.607974191476892,0.3333333333333333,1.0,179999.0,0.0,179999.00000000003,0.5970372621695083,0.458,0.561,0.08200000000000002,0.07899999999999996,0,0,0,0,0,0
6521,Cooler Than Me,Mike Posner,1295,0.6682687476865494,0.8349070495724437,0.001715540142972244,0.8,0.2,0.6815356122519871,True,False,False,0.9595471812082479,0.8213101082393158,0.6715654661154221,0.8184172845725355,0.3333333333333333,1.0,1385.0,1.0,1385.0,0.5970372621695083,0.458,0.561,0.332,0.061000000000000054,0,0,0,0,0,0
2520,After Midnight,Jordan Astra,948,0.6682288869854851,0.7224224080706614,0.45145480264477983,0.8,0.2,0.7265493598855715,False,False,True,0.9494094232166319,0.6142136910653849,0.6338533910192761,0.7094488755760702,0.14285714285714285,1.0,203006.0,0.0,203006.0,0.5970372621695083,0.458,0.561,0.23199999999999993,0.028999999999999915,0,0,0,0,0,0
104,BAKA (Feat. CHANMINA),pH-1,2169,0.6678956399650103,0.7872265106303867,0.19057215730350469,0.8,0.2,0.6570973325951256,True,False,False,0.9686977850215778,0.6762422004216838,0.7118970817946937,0.607974191476892,0.3333333333333333,1.0,104381.16666666667,0.37037037037037035,0.0,0.5970372621695083,0.458,0.561,0.282,0.249,0,0,0,0,0,0
6127,"F**kin' Problems (feat. Drake, 2 Chainz & Kendrick Lamar)",A$AP Rocky,45,0.667818279931679,0.8315925980208576,0.012721007574963755,0.8,0.2,0.6847405620585997,False,True,False,0.9259107624582816,0.9214259041472943,0.6359387931910556,0.9069853656779407,0.3333333333333333,1.0,10270.0,1.0,10270.0,0.5970372621695083,0.458,0.561,0.202,0.1289999999999999,0,0,0,0,0,0
5651,I Gotta Find Peace of Mind - Live,Ms. Lauryn Hill,1329,0.6673736972542306,0.7764569973548108,0.23104049685190958,0.8,0.2,0.6763436055756974,False,True,False,0.9091168494924771,0.9214259041472943,0.5261833221664532,0.9069853656779407,0.3333333333333333,1.0,186525.0,1.0,186525.0,0.5970372621695083,0.458,0.561,0.202,0.051000000000000045,0,0,0,0,0,0
6030,Agora Hills,Doja Cat,519,0.6669342645649713,0.8316808183877293,0.007948049273938737,0.8,0.2,0.674117189755436,True,False,False,0.9569048562672995,0.790823808108931,0.663314160652602,0.7128650111325462,0.6,1.0,6416.666666666667,1.0,6416.666666666667,0.5970372621695083,0.458,0.561,0.07800000000000001,0.1289999999999999,0,0,0,0,0,0
2406,Blaze Of Glory (feat. Pharrell & Ab-Liva) - Club Mix,Clipse,397,0.6668892144894545,0.8332817256359578,0.0013191699034407547,0.8,0.2,0.6790831529206779,False,True,False,0.9145959441824382,0.9214259041472943,0.6682406571695251,0.9069853656779407,0.3333333333333333,1.0,2130.0,1.0,0.0,0.5970372621695083,0.458,0.561,0.07200000000000001,0.32899999999999996,0,0,0,0,0,0
3995,PRIDE.,Kendrick Lamar,1023,0.6663715721339515,0.7644764565808423,0.27395203434638826,0.8,0.2,0.6805781464852271,True,False,False,0.9571613228659592,0.6762422004216838,0.6778803015714073,0.607974191476892,0.3333333333333333,1.0,140436.0,0.5,140436.0,0.5970372621695083,0.458,0.561,0.08800000000000002,0.02100000000000002,0,0,0,0,0,0
5850,STAY (with Justin Bieber),The Kid LAROI,1887,0.6663545906120671,0.7390309896814882,0.3756489943343825,0.8,0.2,0.6992612029424985,False,True,False,0.9188041477636082,0.7193051956243643,0.6492822354221479,0.6599769145480248,0.3333333333333333,1.0,141806.0,0.0,141806.0,0.5970372621695083,0.458,0.561,0.021999999999999964,0.239,0,0,0,0,0,0
999,Let's Get Blown,Snoop Dogg,1752,0.6662621886186357,0.7726124633602341,0.2408610896522419,0.8,0.2,0.6521177582971839,True,False,False,0.9587386364256942,0.6762422004216838,0.6962800804437068,0.607974191476892,0.3333333333333333,1.0,195148.6,0.4,0.0,0.5970372621695083,0.458,0.561,0.23199999999999993,0.05899999999999994,0,0,0,0,0,0
42,THE GONLAN SONG,SUMIN,1653,0.666142255720223,0.7785959912235818,0.21632731370678798,0.8,0.2,0.6558864684383994,True,False,False,0.958706543780097,0.6951659827417543,0.7055970609156001,0.7142953286719909,0.14285714285714285,1.0,128026.20370370371,0.3148148148148148,0.0,0.5970372621695083,0.458,0.561,0.332,0.09899999999999998,0,0,0,0,0,0
3188,CIRCLE THEORY,Oblé Reed,1414,0.6658910481389556,0.7781997859502915,0.21665609689361223,0.8,0.2,0.7012977705089817,True,False,False,0.9655967507851114,0.6762422004216838,0.6947881235222353,0.607974191476892,0.3333333333333333,1.0,94179.5,0.5,94179.5,0.5970372621695083,0.458,0.561,0.0020000000000000018,0.038999999999999924,0,0,0,0,0,0
6083,Agora Hills,Doja Cat,519,0.6656047727198761,0.8316808183877293,0.0013005900484627162,0.8,0.2,0.674117189755436,True,False,False,0.9569048562672995,0.790823808108931,0.663314160652602,0.7128650111325462,0.6,1.0,1050.0,1.0,1050.0,0.5970372621695083,0.458,0.561,0.07800000000000001,0.1289999999999999,0,0,0,0,0,0
2446,She Can't Get Enough,BIGBANG,179,0.6652631787121037,0.8310943487894524,0.001938498402708707,0.8,0.2,0.6761862536034654,False,True,False,0.9363272320728477,0.8526131878352076,0.6459172945763577,0.7651072335664041,0.6,1.0,3130.0,1.0,0.0,0.5970372621695083,0.458,0.561,0.13199999999999995,0.239,0,0,0,0,0,0
40,Suspicious,Zion.T,2096,0.6648743128657295,0.7808934667709572,0.2007976972448186,0.8,0.2,0.6569528809234825,True,False,False,0.9608393687502633,0.6951659827417543,0.7066647356424597,0.7142953286719909,0.14285714285714285,1.0,119695.81666666667,0.36666666666666664,0.0,0.5970372621695083,0.458,0.561,0.182,0.1389999999999999,0,0,0,0,0,0
12,FREQUENCY (Feat. Loco),Crush,433,0.6636466455384733,0.7743240052379906,0.22093720674040332,0.8,0.2,0.6597319328271286,True,False,False,0.9663974725575555,0.6951659827417543,0.6750945320930377,0.7142953286719909,0.14285714285714285,1.0,140033.40789473685,0.32894736842105265,0.0,0.5970372621695083,0.458,0.561,0.22200000000000003,0.119,0,0,0,0,0,0
2568,Yah Mean,Playboi Carti,1512,0.663207425003617,0.7839277404143077,0.18032616336085405,0.8,0.2,0.649379792610138,True,False,False,0.9532627050516025,0.6762422004216838,0.740632890066447,0.607974191476892,0.3333333333333333,1.0,145582.0,1.0,145582.0,0.5970372621695083,0.458,0.561,0.282,0.16899999999999993,0,0,0,0,0,0
236,Everybody Knows,Chris Brown,375,0.6630846613595978,0.7952924169716793,0.13425363891127165,0.8,0.2,0.667964433361654,True,True,False,0.9410449219903457,0.7997098618324061,0.6324691615863118,0.7980729672919327,0.3333333333333333,1.0,86226.5744680851,0.5957446808510638,0.0,0.5970372621695083,0.458,0.561,0.278,0.06899999999999995,0,0,0,0,0,0
293,Hangover,Chris Brown,375,0.662897392986368,0.8170938701618359,0.04611148428449613,0.8,0.2,0.6665779841341285,False,True,False,0.9382720235352945,0.7997098618324061,0.6988973828173447,0.7980729672919327,0.3333333333333333,1.0,74454.0,1.0,0.0,0.5970372621695083,0.458,0.561,0.011999999999999955,0.04899999999999993,0,0,0,0,0,0
938,RUN IT,Jay Park,896,0.6626075889644403,0.8271679196755906,0.004366266119839079,0.8,0.2,0.6642235692255463,False,True,False,0.9124018633170095,0.8526131878352076,0.6937067163959985,0.7651072335664041,0.6,1.0,7050.0,1.0,0.0,0.5970372621695083,0.458,0.561,0.202,0.3889999999999999,0,0,0,0,0,0
6099,Standing Room,Bungalow Collect,301,0.6618863108443068,0.800543276655145,0.10725844760095365,0.8,0.2,0.6752872089564684,True,False,False,0.9556441366442009,0.7171547788546271,0.6600850019497639,0.6505226526064538,0.6,1.0,59681.666666666664,0.8333333333333334,59681.666666666664,0.5970372621695083,0.458,0.561,0.40199999999999997,0.09899999999999998,0,0,0,0,0,0
1555,Fuck Tha Police,N.W.A.,1342,0.6613381782296498,0.81930581023827,0.02946765019516918,0.8,0.2,0.6682835971894067,False,True,False,0.941683249645851,0.7997098618324061,0.6966035497359147,0.7980729672919327,0.3333333333333333,1.0,47580.0,1.0,0.0,0.5970372621695083,0.458,0.561,0.40199999999999997,0.18899999999999995,0,0,0,0,0,0
4438,Down,Jay Sean,898,0.661023284909132,0.7984139432943985,0.11146065136806522,0.8,0.2,0.7170651726620787,False,True,False,0.9254384039134679,0.8967298535267241,0.5736041796561092,0.8841411696959727,0.3333333333333333,2.0,10446.5,1.0,8058.463545105825,0.5970372621695083,0.458,0.561,0.24199999999999994,0.119,0,0,0,0,0,0
1153,DISSOLVE,Offset,1421,0.6608233698174771,0.7776829679837317,0.19338497715245878,0.8,0.2,0.6559800357315954,True,False,False,0.9664631912945173,0.6762422004216838,0.6912545366988124,0.607974191476892,0.3333333333333333,1.0,118491.2,0.4,0.0,0.5970372621695083,0.458,0.561,0.16199999999999998,0.0010000000000000009,0,0,0,0,0,0
1186,Straight Outta Compton,N.W.A.,1342,0.6605218985993924,0.7893268120456872,0.1453022448142126,0.8,0.2,0.6685649448630581,False,True,False,0.9422459449931538,0.7997098618324061,0.6132102193530651,0.7980729672919327,0.3333333333333333,1.0,105440.4,0.6,0.0,0.5970372621695083,0.458,0.561,0.08800000000000002,0.3789999999999999,0,0,0,0,0,0
292,Reddi Wip,Chris Brown,375,0.6605180250598887,0.7950967583282718,0.12220309198635583,0.8,0.2,0.6690867978537821,False,True,False,0.9432896509746018,0.7997098618324061,0.6264423394592247,0.7980729672919327,0.3333333333333333,1.0,89672.0,0.6666666666666666,0.0,0.5970372621695083,0.458,0.561,0.22200000000000003,0.08899999999999997,0,0,0,0,0,0
2868,Champagne Problems,ENNY,558,0.6601823436064629,0.7309917721193658,0.37694462955485103,0.8,0.2,0.7357220018439129,False,False,True,0.9429433033907954,0.6762422004216838,0.6210558486448434,0.607974191476892,0.3333333333333333,1.0,142852.0,0.0,142852.0,0.5970372621695083,0.458,0.561,0.25199999999999995,0.061000000000000054,0,0,0,0,0,0
971,Missing You (Feat. Kim Yuna),G-DRAGON,682,0.6599518881710937,0.7938213957023401,0.12447385804610817,0.8,0.2,0.6574271697256199,True,False,False,0.9597685206533314,0.7002145469947713,0.6448897054487647,0.6474284828306831,0.6,1.0,83552.72727272728,0.6363636363636364,0.0,0.5970372621695083,0.458,0.561,0.322,0.22899999999999998,0,0,0,0,0,0
6974,dimple,BTS,190,0.6596113630499796,0.8177635231204539,0.027002722768082733,0.8,0.2,0.6582794806082198,True,False,False,0.9614731424185313,0.7002145469947713,0.7062205264686355,0.6474284828306831,0.6,1.0,21800.0,1.0,21800.0,0.5970372621695083,0.458,0.561,0.192,0.2789999999999999,0,0,0,0,0,0
