track_id,track_name,artist_name,artist_id,hybrid_score,s_content,s_collab,w_content,w_collab,pre_score,from_content,from_tag,from_neighbor,long_term_sim,tag_cosine,mood_sim,cluster_tag_sim,tag_jaccard,group_listener_count,group_avg_ms,group_skip_rate,weighted_nbr_avg_ms,recent_skip_pct,recent_avg_valence,recent_avg_energy,valence_delta,energy_delta,tod_morning,tod_afternoon,tod_evening,tod_night,platform_mobile,platform_desktop
5768,Charcoal Baby,Blood Orange,255,0.7190068184589962,0.820612105111767,0.3125856718479127,0.8,0.2,0.6927162920104729,False,True,False,0.9055170609080672,0.824788807782197,0.6781563782130646,0.807480965108253,0.6,2.0,121507.16666666667,0.5,673.3333333333334,0.7675,0.434,0.5920000000000001,0.07600000000000001,0.13200000000000006,0,0,0,0,0,0
1734,My Heart Belongs To U,Jodeci,930,0.6923786406439293,0.7741421777949091,0.3653244920400096,0.8,0.2,0.7138145794895391,False,True,False,0.929508202002965,0.7970512627760734,0.6409169760609182,0.6539545871680882,0.3333333333333333,1.0,217151.7142857143,0.2857142857142857,217151.7142857143,0.7675,0.434,0.5920000000000001,0.0040000000000000036,0.08200000000000007,0,0,0,0,0,0
4195,I'm Not In Love,10cc,5,0.6909948542377821,0.7667916998648514,0.3878074717295044,0.8,0.2,0.6796856637200045,True,True,False,0.9268944341345611,0.89369223326362,0.46470201915207887,0.6977386540671888,0.6,1.0,366640.0,0.0,0.0,0.7675,0.434,0.5920000000000001,0.274,0.07200000000000006,0,0,0,0,0,0
5290,Ritual Union,Little Dragon,1148,0.6802801783366255,0.8246482712892955,0.10280780652594501,0.8,0.2,0.6706328913813787,False,True,False,0.9243431490292239,0.8548065843338342,0.6399114155962551,0.737616032021815,0.6,1.0,70555.16666666667,0.6666666666666666,0.0,0.7675,0.434,0.5920000000000001,0.36600000000000005,0.1479999999999999,0,0,0,0,0,0
1772,Beat Take 1 (feat. Ghostface Killah),The Neighbourhood,1893,0.675164473750264,0.7914148845187858,0.21016283067617653,0.8,0.2,0.6487297215784903,False,True,False,0.8805368094234469,0.8548065843338342,0.6850223941637108,0.737616032021815,0.6,1.0,9920.0,0.0,9920.0,0.7675,0.434,0.5920000000000001,0.08400000000000002,0.027999999999999914,0,0,0,0,0,0
3027,Buzzed,¿Téo?,2207,0.6698512607163754,0.7464230251284419,0.36356420306810905,0.8,0.2,0.7544566381679275,True,False,True,0.9502894059716351,0.7796747272068104,0.5276945137438992,0.6265964403833435,0.3333333333333333,1.0,159656.0,0.0,159656.0,0.7675,0.434,0.5920000000000001,0.064,0.1120000000000001,0,0,0,0,0,0
6087,Kill Us All (feat. Denzel Curry),The Neighbourhood,1893,0.6695403363475385,0.7868211797064693,0.20041696291181493,0.8,0.2,0.6735988586817788,False,True,False,0.930275083630024,0.8548065843338342,0.5197019130690188,0.737616032021815,0.6,1.0,407.0,0.0,407.0,0.7675,0.434,0.5920000000000001,0.033999999999999975,0.04799999999999993,0,0,0,0,0,0
6268,"New Person, Same Old Mistakes",Tame Impala,1840,0.6640516978930092,0.829856140860354,0.0008339260236298256,0.8,0.2,0.6863468407738649,True,True,False,0.9557710478141961,0.8548065843338342,0.5573143513812866,0.737616032021815,0.6,1.0,814.0,1.0,814.0,0.7675,0.434,0.5920000000000001,0.055999999999999994,0.21799999999999997,0,0,0,0,0,0
1546,Champagne Coast,Blood Orange,255,0.663301873059702,0.7711278579556122,0.23199793347606104,0.8,0.2,0.6921102049682252,False,True,False,0.9344552495941363,0.7494129008557853,0.5704236176665148,0.6788647904206725,0.6,2.0,38451.75,0.75,24015.0,0.7675,0.434,0.5920000000000001,0.326,0.1820000000000001,0,0,0,0,0,0
3222,Lights,Eggshells,569,0.6605758253534268,0.7180439247664087,0.4307034277014991,0.8,0.2,0.7063080226035122,False,True,False,0.9006796045100871,0.6629561530386038,0.6934221599346286,0.622879142960778,0.3333333333333333,1.0,225191.0,0.0,225190.99999999997,0.7675,0.434,0.5920000000000001,0.16599999999999998,0.03200000000000003,0,0,0,0,0,0
2519,Juna,Clairo,389,0.6598585274421367,0.6956618555679065,0.5166452149390574,0.8,0.2,0.7460337817995735,True,False,False,0.9641261741241693,0.5154685249837049,0.5970365628744803,0.6307273303862774,0.14285714285714285,2.0,173599.27777777778,0.1111111111111111,195110.0,0.7675,0.434,0.5920000000000001,0.016000000000000014,0.11799999999999988,0,0,0,0,0,0
3849,Bad Girls,Blood Orange,255,0.6575182927501616,0.7397515109311761,0.32858542002610347,0.8,0.2,0.6315135278928118,False,True,False,0.9142458838388503,0.6844529298669333,0.6302616257789404,0.604784047710863,0.6,1.0,251026.0,0.0,0.0,0.7675,0.434,0.5920000000000001,0.043999999999999984,0.07799999999999996,0,0,0,0,0,0
3194,Groove Therapy,Cruza,434,0.6546849523601797,0.7337123352222117,0.3385754209120512,0.8,0.2,0.7605445956813047,False,True,False,0.869419688768235,0.824788807782197,0.5548960945971584,0.807480965108253,0.6,2.0,57956.0,0.5,114962.00000000001,0.7675,0.434,0.5920000000000001,0.174,0.43200000000000005,0,0,0,0,0,0
3026,Givin' Up On Lovin',Magic City Hippies,1227,0.6546019261979493,0.7105079107358416,0.4309779880463797,0.8,0.2,0.7018901970644954,False,True,True,0.8710792028617015,0.7148680294644842,0.7237829793749548,0.6255383418225453,0.3333333333333333,1.0,225459.0,0.0,225459.0,0.7675,0.434,0.5920000000000001,0.416,0.11799999999999988,0,0,0,0,0,0
5726,Kahlil Gibran,STRFKR,1651,0.6527428503723122,0.8158215048704647,0.0004282323797018104,0.8,0.2,0.6898303265601778,False,True,False,0.962738019386822,0.8548065843338342,0.4980591257784568,0.737616032021815,0.6,1.0,836.0,1.0,0.0,0.7675,0.434,0.5920000000000001,0.08400000000000002,0.04799999999999993,0,0,0,0,0,0
5879,Team,Lorde,1161,0.6503575973062605,0.7354768628039232,0.30988053531560983,0.8,0.2,0.6894504329785567,True,False,False,0.9619963161653482,0.667261374479413,0.5393576894012613,0.7577640983570068,0.14285714285714285,2.0,103319.5,0.5,13580.0,0.7675,0.434,0.5920000000000001,0.014000000000000012,0.012000000000000122,0,0,0,0,0,0
3133,Brewster,Cruza,434,0.6501575764338672,0.7569250884789145,0.22308752825367742,0.8,0.2,0.7006585858787823,True,False,False,0.9384889581926934,0.782070533912178,0.5095704594937422,0.646683471314588,0.6,2.0,39929.75,0.75,5142.0,0.7675,0.434,0.5920000000000001,0.10600000000000004,0.3420000000000001,0,0,0,0,0,0
6188,Cold Water,Major Lazer,1230,0.6475131222482011,0.8053805678714177,0.016043339755335166,0.8,0.2,0.6704010044941371,False,True,False,0.9083251156828263,0.89369223326362,0.6258229827416282,0.6977386540671888,0.6,1.0,15660.0,1.0,15660.000000000002,0.7675,0.434,0.5920000000000001,0.066,0.20799999999999996,0,0,0,0,0,0
6463,Pumped Up Kicks,Foster The People,654,0.6471619592333435,0.8087936547623642,0.0006351771172610505,0.8,0.2,0.6546709364666107,False,True,False,0.8924192391996877,0.8548065843338342,0.6953334101518437,0.737616032021815,0.6,1.0,620.0,1.0,620.0,0.7675,0.434,0.5920000000000001,0.536,0.11799999999999988,0,0,0,0,0,0
3854,Dog Daze,Cruza,434,0.6471354139533039,0.7401536313324368,0.2750625444367721,0.8,0.2,0.6596946844022701,False,True,False,0.9144738456916613,0.824788807782197,0.4337253665313402,0.807480965108253,0.6,1.0,146538.0,0.0,0.0,0.7675,0.434,0.5920000000000001,0.224,0.3020000000000001,0,0,0,0,0,0
5055,I Wanna Help Your Mind,Goth Babe,730,0.646331635115347,0.7358961872812749,0.2880734264516352,0.8,0.2,0.6410942295377292,True,False,False,0.9584859892879992,0.6217561744686481,0.5979100641581193,0.7303648325304357,0.14285714285714285,1.0,171938.0,0.0,0.0,0.7675,0.434,0.5920000000000001,0.36600000000000005,0.1379999999999999,0,0,0,0,0,0
6856,Hollaback Girl,Gwen Stefani,745,0.6453235833114045,0.8003539338615857,0.025202181110679747,0.8,0.2,0.6615610821941189,False,True,False,0.8906452710827899,0.89369223326362,0.6666355091355882,0.6977386540671888,0.6,1.0,24600.0,1.0,24599.999999999996,0.7675,0.434,0.5920000000000001,0.446,0.32799999999999996,0,0,0,0,0,0
2560,Add Up My Love,Clairo,389,0.6449128805180186,0.6660689415512859,0.5602886363849497,0.8,0.2,0.737933329953661,True,False,True,0.9479252704323443,0.5154685249837049,0.5670787450468133,0.6307273303862774,0.14285714285714285,2.0,205264.0,0.0,205264.0,0.7675,0.434,0.5920000000000001,0.336,0.027999999999999914,0,0,0,0,0,0
347,Chunky,Bruno Mars,297,0.6430585111553693,0.7457251440305732,0.23239197965455322,0.8,0.2,0.7072121303171837,False,True,False,0.884761825268956,0.7970512627760734,0.7019017675417425,0.6539545871680882,0.3333333333333333,2.0,43202.25,0.7916666666666667,36302.19499527151,0.7675,0.434,0.5920000000000001,0.296,0.052000000000000046,0,0,0,0,0,0
1762,Softcore,The Neighbourhood,1893,0.6428138143700534,0.7588783060966857,0.17855584746352357,0.8,0.2,0.7041749522348709,False,True,False,0.8969578530546138,0.8548065843338342,0.5468220729647482,0.737616032021815,0.6,2.0,16128.833333333334,0.9333333333333333,13588.741643044299,0.7675,0.434,0.5920000000000001,0.064,0.02200000000000013,0,0,0,0,0,0
1771,Paradise,The Neighbourhood,1893,0.6425486989384253,0.8031397720725852,0.000184406401785478,0.8,0.2,0.6628799048419096,False,True,False,0.9088371759502856,0.8548065843338342,0.6296097931373916,0.737616032021815,0.6,1.0,180.0,1.0,180.0,0.7675,0.434,0.5920000000000001,0.134,0.1279999999999999,0,0,0,0,0,0
3547,storm,Night Tapes,1383,0.6420014302213503,0.7208360414335653,0.32666298537249006,0.8,0.2,0.6604223403840185,True,False,False,0.9514788071505451,0.7359146840437294,0.4377442893202146,0.5786061636902986,0.6,1.0,247273.0,0.0,0.0,0.7675,0.434,0.5920000000000001,0.204,0.04200000000000004,0,0,0,0,0,0
4435,Don't Stop The Music,Rihanna,1593,0.6411916785531999,0.7218231736933463,0.3186656979926142,0.8,0.2,0.6700517630470278,False,True,False,0.9037069836489973,0.7159913561126461,0.6986419713649121,0.6384825955474484,0.14285714285714285,2.0,133710.0,0.5,340.0,0.7675,0.434,0.5920000000000001,0.10600000000000004,0.07799999999999996,0,0,0,0,0,0
4422,When I'm Small,Phantogram,1487,0.6406001701683218,0.718854726974222,0.3275819429447209,0.8,0.2,0.6434689630610898,True,False,False,0.9526939564597442,0.6481099241560889,0.5089326599076982,0.5473352211510983,0.6,1.0,249067.0,0.0,0.0,0.7675,0.434,0.5920000000000001,0.014000000000000012,0.16799999999999993,0,0,0,0,0,0
6623,Sweet but Psycho,Ava Max,162,0.6401896130445026,0.7867958531032657,0.053764652809450114,0.8,0.2,0.6689171117872101,False,True,False,0.9331667186555452,0.8241687622971877,0.6271478711718188,0.689959771427433,0.3333333333333333,1.0,52480.0,1.0,52480.0,0.7675,0.434,0.5920000000000001,0.186,0.11799999999999988,0,0,0,0,0,0
2836,Play Too Much,Kyle Dion,1072,0.6379720061629857,0.6969827854860631,0.4019288888706755,0.8,0.2,0.6980806522713535,False,False,True,0.8865432219936943,0.6571602576687925,0.6263680325500759,0.8664517550703592,0.14285714285714285,1.0,197104.0,0.0,197104.0,0.7675,0.434,0.5920000000000001,0.466,0.14200000000000007,0,0,0,0,0,0
2883,Some,Steve Lacy,1782,0.6350599466107276,0.7072439824434165,0.346323803279972,0.8,0.2,0.7507797733441031,False,True,False,0.9541722598783229,0.5912757426728382,0.5682576469540785,0.7051409201875936,0.14285714285714285,3.0,11067.916666666666,0.8333333333333334,14292.23549475932,0.7675,0.434,0.5920000000000001,0.196,0.04200000000000004,0,0,0,0,0,0
3048,AMBER,Unusual Demont,1979,0.6339396453938557,0.6882227077628031,0.41680739591806587,0.8,0.2,0.7066154422563967,True,False,True,0.9631745219674438,0.5082559576596347,0.6138927145429174,0.5672115614196828,0.14285714285714285,1.0,211627.0,0.0,211627.0,0.7675,0.434,0.5920000000000001,0.36600000000000005,0.16799999999999993,0,0,0,0,0,0
950,Cariño,The Marías,1892,0.6330791343997295,0.7209598106491056,0.2815564294022249,0.8,0.2,0.6657452384601,False,True,False,0.8804056084324912,0.7211812223013363,0.6687859585356606,0.7362035542047135,0.3333333333333333,1.0,157696.2,0.4,157696.2,0.7675,0.434,0.5920000000000001,0.21600000000000003,0.12200000000000011,0,0,0,0,0,0
3014,Them Changes,Thundercat,1919,0.6303776036212769,0.689754905154192,0.3928683974896165,0.8,0.2,0.722110954330506,False,True,True,0.947544426990046,0.6248087554736756,0.5076619414306478,0.6098988950267217,0.3333333333333333,1.0,188260.0,0.0,188260.0,0.7675,0.434,0.5920000000000001,0.26599999999999996,0.03200000000000003,0,0,0,0,0,0
6217,Summertime Sadness,Lana Del Rey,1095,0.6298908566243001,0.7865760025769164,0.003150272813834983,0.8,0.2,0.6592353802358893,False,True,False,0.8859938671663307,0.89369223326362,0.6437969433053652,0.6977386540671888,0.6,1.0,3075.0,1.0,3074.9999999999995,0.7675,0.434,0.5920000000000001,0.194,0.05799999999999994,0,0,0,0,0,0
2889,Is It Magic?,PawPaw Rod,1480,0.62865008851392,0.68747590335856,0.39334682913535995,0.8,0.2,0.6937925509822889,False,False,True,0.9390491227742548,0.5044549992720682,0.620395726643569,0.7197044209999789,0.14285714285714285,1.0,188727.0,0.0,188727.0,0.7675,0.434,0.5920000000000001,0.336,0.05799999999999994,0,0,0,0,0,0
1815,Perm,Bruno Mars,297,0.6285457893743918,0.7849565641146673,0.0029026904132896875,0.8,0.2,0.6684016258693791,True,True,False,0.9429827466283288,0.7970512627760734,0.6286370109773205,0.6539545871680882,0.3333333333333333,1.0,2833.3333333333335,1.0,2833.3333333333335,0.7675,0.434,0.5920000000000001,0.426,0.2779999999999999,0,0,0,0,0,0
3545,patience (waiting for the setting sun),Night Tapes,1383,0.6259100119649809,0.7136952664525138,0.274768994014849,0.8,0.2,0.6492341424681468,True,False,False,0.9291024113188018,0.7359146840437294,0.4872989195164993,0.5786061636902986,0.6,1.0,216954.45454545456,0.18181818181818182,0.0,0.7675,0.434,0.5920000000000001,0.11399999999999999,0.20799999999999996,0,0,0,0,0,0
6566,Tonight Tonight,Hot Chelle Rae,793,0.6255494255415492,0.7816909069412225,0.0009834999428558109,0.8,0.2,0.6719944995668153,False,True,False,0.9393214942147556,0.8241687622971877,0.5944616079745071,0.689959771427433,0.3333333333333333,1.0,960.0,1.0,960.0,0.7675,0.434,0.5920000000000001,0.37600000000000006,0.18799999999999994,0,0,0,0,0,0
2533,Terrapin,Clairo,389,0.6249883159771856,0.6474603448299413,0.5351002005661624,0.8,0.2,0.7382836489780291,True,False,False,0.9486259084810805,0.5154685249837049,0.5147615679100841,0.6307273303862774,0.14285714285714285,2.0,181064.8333333333,0.0,180290.0,0.7675,0.434,0.5920000000000001,0.035999999999999976,0.15200000000000008,0,0,0,0,0,0
4239,Breezeblocks,alt-J,2103,0.6247012336988945,0.7017967085809497,0.31631933417067387,0.8,0.2,0.6299453200299554,True,False,False,0.9568904546056578,0.5700004636356326,0.5822859407228473,0.6583528401493346,0.14285714285714285,1.0,227080.0,0.0,0.0,0.7675,0.434,0.5920000000000001,0.14400000000000002,0.06799999999999995,0,0,0,0,0,0
1384,Finesse,Bruno Mars,297,0.6238085752955302,0.7224393737807987,0.22928538135445642,0.8,0.2,0.6716209931014315,False,True,False,0.8697738633040935,0.7970512627760734,0.6852163885233076,0.6539545871680882,0.3333333333333333,1.0,117322.54545454546,0.45454545454545453,117322.54545454546,0.7675,0.434,0.5920000000000001,0.506,0.20799999999999996,0,0,0,0,0,0
3546,"leave it all behind, Mike",Night Tapes,1383,0.6229482848205313,0.6959618352195223,0.3308940832245676,0.8,0.2,0.6505932709152846,True,False,False,0.9318206682130775,0.7359146840437294,0.43113705001749175,0.5786061636902986,0.6,1.0,255533.0,0.0,0.0,0.7675,0.434,0.5920000000000001,0.09399999999999997,0.08799999999999997,0,0,0,0,0,0
3040,Lose My Cool - Franc Moody Remix,Amber Mark,110,0.6224988823828191,0.6622636963700204,0.4634396264340138,0.8,0.2,0.6964340098539491,False,False,True,0.9181138547721495,0.5700004636356326,0.59494948980242,0.6583528401493346,0.14285714285714285,1.0,257145.0,0.0,257145.0,0.7675,0.434,0.5920000000000001,0.326,0.08200000000000007,0,0,0,0,0,0
2523,Out of Me Head,Steve Lacy,1782,0.622404177294579,0.6543782539253787,0.49450787077137925,0.8,0.2,0.7327679674353189,False,False,True,0.9190275888285855,0.5618859164013915,0.5219619415645982,0.7808252893174739,0.14285714285714285,2.0,141055.0,0.0,141055.0,0.7675,0.434,0.5920000000000001,0.546,0.20200000000000007,0,0,0,0,0,0
5608,sorry 4 calling,SOLIS4EVR,1645,0.6202479120655588,0.6938839998610096,0.32570356088375624,0.8,0.2,0.6171796479455361,True,False,False,0.9531718858975904,0.5154685249837049,0.6259267351594808,0.6307273303862774,0.14285714285714285,1.0,245400.0,0.0,0.0,0.7675,0.434,0.5920000000000001,0.043999999999999984,0.29799999999999993,0,0,0,0,0,0
3360,"Lover, You Should've Come Over",Jeff Buckley,905,0.6195077081344539,0.6726211740275765,0.40705384456196314,0.8,0.2,0.6326383378383886,True,False,False,0.923372125885012,0.667261374479413,0.4886821254399384,0.7577640983570068,0.14285714285714285,1.0,404213.0,0.0,0.0,0.7675,0.434,0.5920000000000001,0.28400000000000003,0.007999999999999896,0,0,0,0,0,0
1816,Versace on the Floor,Bruno Mars,297,0.6195059743607362,0.7689578521317312,0.02169846327675598,0.8,0.2,0.6668470635249811,False,True,False,0.939873621939533,0.7970512627760734,0.5950696660027396,0.6539545871680882,0.3333333333333333,1.0,21180.0,1.0,21180.0,0.7675,0.434,0.5920000000000001,0.134,0.02200000000000013,0,0,0,0,0,0
5036,MADNESS!,Johnny Yukon,940,0.6193903041939955,0.7056280929857827,0.27443914902684735,0.8,0.2,0.6230261675559077,True,False,False,0.9648649251183334,0.5154685249837049,0.6216308095054713,0.6307273303862774,0.14285714285714285,1.0,145321.0,0.0,0.0,0.7675,0.434,0.5920000000000001,0.25599999999999995,0.027999999999999914,0,0,0,0,0,0
4436,Time of Our Lives,Pitbull,1506,0.6191735789623172,0.6945951636740677,0.31748724011531515,0.8,0.2,0.6414170645948742,False,True,False,0.915958316296397,0.729689532233379,0.6039649966278398,0.5790235015895429,0.14285714285714285,1.0,229360.0,0.0,0.0,0.7675,0.434,0.5920000000000001,0.286,0.20799999999999996,0,0,0,0,0,0
3751,Alone,MPH,1211,0.618940418048251,0.7523790393414775,0.08518593287534452,0.8,0.2,0.6422322996705121,False,True,False,0.9128530388393794,0.7415289012541119,0.7007458075510344,0.5974033485973922,0.3333333333333333,1.0,166301.0,1.0,0.0,0.7675,0.434,0.5920000000000001,0.08400000000000002,0.17799999999999994,0,0,0,0,0,0
2990,Tongue Tied,GROUPLOVE,696,0.6180671432291337,0.6713451849554783,0.4049549763237547,0.8,0.2,0.6929587626249669,True,False,False,0.9329173397956808,0.5700004636356326,0.5739119051668232,0.6583528401493346,0.14285714285714285,3.0,73516.83333333333,0.6666666666666666,1230.0651499821943,0.7675,0.434,0.5920000000000001,0.064,0.34799999999999986,0,0,0,0,0,0
5264,Two Weeks,FKA twigs,619,0.617266035205139,0.7349872015273589,0.14638136991625977,0.8,0.2,0.6559043147272366,False,True,False,0.9064813211710475,0.8258182707085648,0.532201783956396,0.6103248246154821,0.6,1.0,155620.0,0.6666666666666666,0.0,0.7675,0.434,0.5920000000000001,0.09399999999999997,0.1279999999999999,0,0,0,0,0,0
3028,Wake Up,Kowloon,1062,0.6172441099777874,0.6603002635138734,0.44501949583344386,0.8,0.2,0.6839610115831654,False,False,True,0.9178656606209812,0.5082559576596347,0.6779403123630985,0.5672115614196828,0.14285714285714285,1.0,239165.0,0.0,239165.0,0.7675,0.434,0.5920000000000001,0.23600000000000004,0.08200000000000007,0,0,0,0,0,0
5416,I Wanna C U,Blood Orange,255,0.6172335669950229,0.7119726855295989,0.23827709285671836,0.8,0.2,0.6172061584882788,False,True,False,0.8487481707993347,0.7766603654430569,0.6197455590138136,0.7549721252958613,0.6,1.0,74725.0,0.0,0.0,0.7675,0.434,0.5920000000000001,0.286,0.2920000000000001,0,0,0,0,0,0
2515,Run Your Mouth,The Marías,1892,0.6171611474828462,0.6781917756164998,0.37303863494823164,0.8,0.2,0.7385244780132794,False,False,True,0.949107566551581,0.5154685249837049,0.5961226555254019,0.6307273303862774,0.14285714285714285,2.0,80197.5,0.5,160000.0,0.7675,0.434,0.5920000000000001,0.49600000000000005,0.05799999999999994,0,0,0,0,0,0
1582,FUTARI,XAMIYA,2040,0.6166056671246087,0.7345914249515044,0.14466263581702601,0.8,0.2,0.6617273362495574,True,False,False,0.9572767861091028,0.6062608554650654,0.6001312089022313,0.47766358111866986,0.6,1.0,76132.33333333333,0.6666666666666666,76132.33333333333,0.7675,0.434,0.5920000000000001,0.13599999999999995,0.23799999999999988,0,0,0,0,0,0
6454,Blurred Lines,Robin Thicke,1602,0.6161382890999686,0.7697989265268957,0.0014957393922598707,0.8,0.2,0.6645771935498782,False,True,False,0.935333881989327,0.7970512627760734,0.6112959155254107,0.6539545871680882,0.3333333333333333,1.0,1460.0,1.0,1460.0000000000002,0.7675,0.434,0.5920000000000001,0.40599999999999997,0.007999999999999896,0,0,0,0,0,0
3356,sunsunsun,Bay Ledges,210,0.6158608119798014,0.7002968859662219,0.27811651603411913,0.8,0.2,0.6170462920550296,True,False,False,0.9529051741165772,0.5154685249837049,0.6440339218744882,0.6307273303862774,0.14285714285714285,1.0,152500.0,0.0,0.0,0.7675,0.434,0.5920000000000001,0.536,0.21799999999999997,0,0,0,0,0,0
3667,Ordinary Pleasure,Toro y Moi,1943,0.612492314744779,0.7646511026174707,0.003857163254012585,0.8,0.2,0.6470183981687598,False,True,False,0.9502444092026675,0.6719809678371303,0.6314530594974008,0.6860680228733618,0.3333333333333333,1.0,7530.0,1.0,0.0,0.7675,0.434,0.5920000000000001,0.34600000000000003,0.18799999999999994,0,0,0,0,0,0
4439,No Air (feat. Chris Brown),Jordin Sparks,951,0.6111864535047081,0.6801274968915604,0.33542227995729945,0.8,0.2,0.6274509680811391,False,True,False,0.8935053937172197,0.7159913561126461,0.6176120349489909,0.6384825955474484,0.14285714285714285,1.0,264373.0,0.0,0.0,0.7675,0.434,0.5920000000000001,0.10399999999999998,0.16799999999999993,0,0,0,0,0,0
3841,King of Everything,Dominic Fike,524,0.6103187003423004,0.6880086605813321,0.29955885938617305,0.8,0.2,0.6267919236905948,True,False,False,0.9505836619269366,0.5700004636356326,0.5645101619367909,0.6583528401493346,0.14285714285714285,1.0,194360.0,0.0,0.0,0.7675,0.434,0.5920000000000001,0.13599999999999995,0.12200000000000011,0,0,0,0,0,0
3722,Chateau (Feel Alright),Djo,517,0.609761459831434,0.6773494368314273,0.33940955183146065,0.8,0.2,0.6293475271710759,True,False,False,0.9556948688878988,0.5700004636356326,0.5200601508268077,0.6583528401493346,0.14285714285714285,1.0,272157.0,0.0,0.0,0.7675,0.434,0.5920000000000001,0.08400000000000002,0.2220000000000001,0,0,0,0,0,0
3272,Gypsy Woman (She's Homeless) (La Da Dee La Da Da) - Basement Boy Strip To The Bone Mix,Crystal Waters,435,0.6094996459665316,0.7412587316292033,0.08246330331584464,0.8,0.2,0.6680361837603411,False,True,False,0.9422518624102529,0.7970512627760734,0.5130889818019913,0.6539545871680882,0.3333333333333333,1.0,63375.25,0.75,0.0,0.7675,0.434,0.5920000000000001,0.254,0.04799999999999993,0,0,0,0,0,0
4442,Only Girl (In The World),Rihanna,1593,0.6081723515635559,0.6817551467698443,0.313841170738402,0.8,0.2,0.6627181373711873,False,True,False,0.8890397322973163,0.7159913561126461,0.6357308606818379,0.6384825955474484,0.14285714285714285,2.0,120041.5,0.5,4590.0,0.7675,0.434,0.5920000000000001,0.20600000000000002,0.11799999999999988,0,0,0,0,0,0
4640,You & I,Oppidan,1437,0.607916779217225,0.7568654800156152,0.012121976023663952,0.8,0.2,0.653190328072133,False,True,False,0.9347690956426211,0.7415289012541119,0.6454514105411898,0.5974033485973922,0.3333333333333333,1.0,23664.666666666668,1.0,0.0,0.7675,0.434,0.5920000000000001,0.15599999999999997,0.21799999999999997,0,0,0,0,0,0
3204,Bone Marrow,Eggshells,569,0.6078868681803746,0.6472772672128755,0.4503252720503711,0.8,0.2,0.6999957156287462,True,False,False,0.9499350687121428,0.5082559576596347,0.544226124114507,0.5672115614196828,0.14285714285714285,1.0,244344.0,0.0,244344.00000000003,0.7675,0.434,0.5920000000000001,0.016000000000000014,0.22799999999999987,0,0,0,0,0,0
3013,Op Shop Lover,grentperez,2132,0.6073773510608709,0.6706956475969599,0.3541041649165149,0.8,0.2,0.7017647405504338,False,False,True,0.9419279715504387,0.5371188251723329,0.5872751128088107,0.6182450350992261,0.14285714285714285,1.0,150422.0,0.0,150422.0,0.7675,0.434,0.5920000000000001,0.27599999999999997,0.10799999999999987,0,0,0,0,0,0
4766,Socks,Dominic Fike,524,0.6070097040935039,0.6919641337927102,0.2671919852966787,0.8,0.2,0.6337242158232481,True,False,False,0.9644482461922432,0.5700004636356326,0.5325414503211611,0.6583528401493346,0.14285714285714285,1.0,131173.0,0.0,0.0,0.7675,0.434,0.5920000000000001,0.016000000000000014,0.10200000000000009,0,0,0,0,0,0
4466,Lottery,Kali Uchis,1001,0.6067919137942612,0.7583471054463051,0.000571147186085543,0.8,0.2,0.6626958742902989,False,True,False,0.9411848361133701,0.7730172811680689,0.561936827743536,0.8096426735365648,0.14285714285714285,1.0,1115.0,1.0,0.0,0.7675,0.434,0.5920000000000001,0.016000000000000014,0.052000000000000046,0,0,0,0,0,0
2857,Ms. Communication,theMIND,2195,0.6061684938575201,0.6528361979453162,0.419497677506336,0.8,0.2,0.6974423193490595,False,True,True,0.9212171224613387,0.5672838418882119,0.5418443509265656,0.7032964511658896,0.14285714285714285,1.0,214253.0,0.0,214253.0,0.7675,0.434,0.5920000000000001,0.20600000000000002,0.1820000000000001,0,0,0,0,0,0
6024,Buttons,The Pussycat Dolls,1901,0.6059659652238949,0.7571577964019672,0.001198640511605516,0.8,0.2,0.6553722259274306,False,True,False,0.937595754246823,0.7453717440200959,0.6389605967462068,0.5878117736081508,0.3333333333333333,1.0,1170.0,1.0,1170.0,0.7675,0.434,0.5920000000000001,0.02400000000000002,0.22799999999999987,0,0,0,0,0,0
3542,tokyo sway,Night Tapes,1383,0.6058818804808384,0.6692993625034438,0.3522119523904163,0.8,0.2,0.6461904096799335,True,False,False,0.9230149457423753,0.7359146840437294,0.38633975288579425,0.5786061636902986,0.6,1.0,297150.0,0.0,0.0,0.7675,0.434,0.5920000000000001,0.14400000000000002,0.06799999999999995,0,0,0,0,0,0
2504,blazed (feat. Pharrell Williams),Ariana Grande,137,0.6053009175581372,0.6853873504614957,0.28495518594470287,0.8,0.2,0.6965107645505045,True,False,False,0.9403416109593234,0.6579431628850545,0.6195582289794972,0.4426527018977235,0.14285714285714285,1.0,147999.0,0.3333333333333333,147999.0,0.7675,0.434,0.5920000000000001,0.426,0.16799999999999993,0,0,0,0,0,0
4363,Lovesick,Alice Phoebe Lou,99,0.6051559589478728,0.6739199206653431,0.3301001120779913,0.8,0.2,0.62484816896451,True,False,False,0.959848807860087,0.5371188251723329,0.540862986315015,0.6182450350992261,0.14285714285714285,1.0,253983.0,0.0,0.0,0.7675,0.434,0.5920000000000001,0.07600000000000001,0.08200000000000007,0,0,0,0,0,0
5285,Seed,Peter Cat Recording Co.,1486,0.6047738554905673,0.6986586036477015,0.22923486286203054,0.8,0.2,0.6351898790919878,True,False,False,0.9466772883965164,0.6217561744686481,0.533839333163304,0.7303648325304357,0.14285714285714285,1.0,154683.25,0.25,0.0,0.7675,0.434,0.5920000000000001,0.05399999999999999,0.31200000000000006,0,0,0,0,0,0
1817,Straight up & Down,Bruno Mars,297,0.604407567197666,0.7518341408976082,0.014701272397896526,0.8,0.2,0.6430235146297555,False,True,False,0.8922265241490817,0.7970512627760734,0.6954169017914033,0.6539545871680882,0.3333333333333333,1.0,14350.0,1.0,14350.0,0.7675,0.434,0.5920000000000001,0.20600000000000002,0.1379999999999999,0,0,0,0,0,0
6239,We Are Young (feat. Janelle Monáe),fun.,2128,0.6043523647578467,0.7550665210992433,0.0014957393922598707,0.8,0.2,0.6627642522167881,False,True,False,0.9202011961501503,0.8258182707085648,0.5441427641229452,0.6103248246154821,0.6,1.0,1460.0,1.0,1460.0000000000002,0.7675,0.434,0.5920000000000001,0.306,0.04799999999999993,0,0,0,0,0,0
2556,do you have a soul?,Fousheé,655,0.6043183445104112,0.6737755965882285,0.32648933619914206,0.8,0.2,0.6911992702717494,True,False,True,0.9338625613531758,0.5044549992720682,0.5994119363168959,0.7197044209999789,0.14285714285714285,1.0,123467.0,0.0,123467.00000000001,0.7675,0.434,0.5920000000000001,0.536,0.18799999999999994,0,0,0,0,0,0
3047,Wallflower,Tim Atlas,1923,0.6039470000228775,0.6595275646347976,0.3816247415751974,0.8,0.2,0.6936479611462153,True,False,True,0.9372395597470811,0.5082559576596347,0.6162856894616274,0.5672115614196828,0.14285714285714285,1.0,177285.0,0.0,177285.0,0.7675,0.434,0.5920000000000001,0.446,0.06799999999999995,0,0,0,0,0,0
3720,Delete Ya,Djo,517,0.6031749841857619,0.6852153951803586,0.275013340207375,0.8,0.2,0.6187623835807338,True,False,False,0.9563373571679857,0.5154685249837049,0.5928256258191478,0.6307273303862774,0.14285714285714285,1.0,202219.42857142858,0.14285714285714285,0.0,0.7675,0.434,0.5920000000000001,0.40599999999999997,0.07799999999999996,0,0,0,0,0,0
4167,shibuya (feat. San Holo),Covet,426,0.6030167072732071,0.68520374076896,0.2742685732901958,0.8,0.2,0.6303207631075033,True,False,False,0.9576413407607537,0.5700004636356326,0.5352477495832642,0.6583528401493346,0.14285714285714285,1.0,144988.0,0.0,0.0,0.7675,0.434,0.5920000000000001,0.10399999999999998,0.17799999999999994,0,0,0,0,0,0
4710,drifting,Night Tapes,1383,0.602739889280005,0.6762198244421566,0.30882014863139845,0.8,0.2,0.6207843049074346,True,False,False,0.9603811998213874,0.5154685249837049,0.5561422675492241,0.6307273303862774,0.14285714285714285,1.0,212440.0,0.0,0.0,0.7675,0.434,0.5920000000000001,0.08600000000000002,0.1379999999999999,0,0,0,0,0,0
1904,It's the Falling in Love,Michael Jackson,1287,0.6022938664837307,0.6445060997959859,0.43344493323470973,0.8,0.2,0.6845075113919915,True,False,False,0.948773832952823,0.49805139304800683,0.6040828611833781,0.4424676867274788,0.14285714285714285,1.0,227867.0,0.0,227867.0,0.7675,0.434,0.5920000000000001,0.416,0.19799999999999995,0,0,0,0,0,0
4874,IPlayYouListen,ODESZA,1408,0.6016625384910012,0.6645851907942083,0.34997192927817233,0.8,0.2,0.6435225060702149,True,False,False,0.9459969335796264,0.6651201964020081,0.5238180743081469,0.36592233693636916,0.3333333333333333,1.0,292777.0,0.0,0.0,0.7675,0.434,0.5920000000000001,0.15399999999999997,0.15799999999999992,0,0,0,0,0,0
5353,21c,Peter Cat Recording Co.,1486,0.6016422903397606,0.6670491082095367,0.3400150188606562,0.8,0.2,0.6355362833944728,True,False,False,0.9473700970014862,0.6217561744686481,0.44649996487560417,0.7303648325304357,0.14285714285714285,1.0,273339.0,0.0,0.0,0.7675,0.434,0.5920000000000001,0.214,0.1720000000000001,0,0,0,0,0,0
1443,Boyfriend,Big Time Rush,235,0.6013356288378282,0.7048838180727177,0.18714287189826978,0.8,0.2,0.6499192792499233,False,True,False,0.8800337630100052,0.7159913561126461,0.7257702926483887,0.6384825955474484,0.14285714285714285,1.0,104582.8,0.6,104582.8,0.7675,0.434,0.5920000000000001,0.24600000000000005,0.2679999999999999,0,0,0,0,0,0
3286,Be Mine (feat. Katie Bosworth),Drinks On Me,538,0.6007527554071684,0.6997797998583848,0.20464457760230303,0.8,0.2,0.6413357972937811,False,True,False,0.9429787977866108,0.6617319920023788,0.5388711824864276,0.5698686479294937,0.3333333333333333,1.0,139214.66666666666,0.3333333333333333,0.0,0.7675,0.434,0.5920000000000001,0.244,0.07200000000000006,0,0,0,0,0,0
6940,The Greatest,Sia,1726,0.6006463410751547,0.7505594901609824,0.000993744731843892,0.8,0.2,0.6436410132644709,False,True,False,0.8826145216100667,0.8241687622971877,0.6849062303560556,0.689959771427433,0.3333333333333333,1.0,970.0,1.0,970.0,0.7675,0.434,0.5920000000000001,0.25599999999999995,0.19799999999999995,0,0,0,0,0,0
2994,Lucid Dreams,Maina Doe,1228,0.6002484426502007,0.6535807411816914,0.3869192485242378,0.8,0.2,0.6771817737506619,False,False,True,0.9014221580263462,0.5154685249837049,0.6764042617433723,0.6307273303862774,0.14285714285714285,1.0,182453.0,0.0,182453.0,0.7675,0.434,0.5920000000000001,0.08600000000000002,0.04200000000000004,0,0,0,0,0,0
666,Calling All My Lovelies,Bruno Mars,297,0.5999642038263139,0.7311340662616613,0.07528475408492363,0.8,0.2,0.6365960098101741,False,True,False,0.8611189354334241,0.7970512627760734,0.7352670325493449,0.6539545871680882,0.3333333333333333,1.0,49083.25,0.875,49083.25,0.7675,0.434,0.5920000000000001,0.436,0.11799999999999988,0,0,0,0,0,0
3622,when sunday comes around,Marlon Funaki,1250,0.5993503042017493,0.6784415934616697,0.2829851471620677,0.8,0.2,0.6232959459530231,True,False,False,0.9682895088421923,0.5082559576596347,0.5717981830641115,0.5672115614196828,0.14285714285714285,1.0,273559.5714285714,0.2857142857142857,0.0,0.7675,0.434,0.5920000000000001,0.11399999999999999,0.02200000000000013,0,0,0,0,0,0
3333,Armed & Dangerous,Oppidan,1437,0.5988421472845221,0.7456356511377796,0.011668131871491955,0.8,0.2,0.6534449585415344,False,True,False,0.935278356581424,0.7415289012541119,0.6136134862200968,0.5974033485973922,0.3333333333333333,1.0,22778.666666666668,1.0,0.0,0.7675,0.434,0.5920000000000001,0.326,0.31799999999999995,0,0,0,0,0,0
6613,Lights,Ellie Goulding,581,0.598440202030728,0.7033560312765346,0.17877688504750172,0.8,0.2,0.6568966989778576,False,True,False,0.900250631201491,0.7450304610895467,0.6601291009354592,0.4740779542157539,0.3333333333333333,1.0,135460.95,0.8,135460.95,0.7675,0.434,0.5920000000000001,0.286,0.1379999999999999,0,0,0,0,0,0
3521,Some Type Of Love,Brett Frigo,289,0.598393147727629,0.7255091000573479,0.08992933840875285,0.8,0.2,0.6494739119789436,True,True,False,0.9568438998585665,0.6677598102483014,0.5962742180365409,0.4914913893862066,0.3333333333333333,1.0,45413.666666666664,0.6666666666666666,0.0,0.7675,0.434,0.5920000000000001,0.08600000000000002,0.02200000000000013,0,0,0,0,0,0
1575,Baby Come Back,Player,1513,0.5965067897735432,0.6798325905679968,0.2632035865957286,0.8,0.2,0.6567995754269669,True,False,False,0.9562775841113637,0.5232781260914792,0.5924397496812087,0.6722928194817069,0.0,1.0,159304.0,0.5,159304.0,0.7675,0.434,0.5920000000000001,0.12600000000000006,0.03200000000000003,0,0,0,0,0,0
4784,Potion,Djo,517,0.5964613677808904,0.6740853194467786,0.2859655611173375,0.8,0.2,0.6184019002396416,True,False,False,0.9556163904858013,0.5154685249837049,0.5650393593218505,0.6307273303862774,0.14285714285714285,1.0,167823.0,0.0,0.0,0.7675,0.434,0.5920000000000001,0.07600000000000001,0.052000000000000046,0,0,0,0,0,0
2360,The Nights,Avicii,164,0.5960556698704793,0.7436319872733467,0.00575040025900999,0.8,0.2,0.6602007198670321,False,True,False,0.9472527421260258,0.7453717440200959,0.5728056312087036,0.5878117736081508,0.3333333333333333,1.0,5613.0,1.0,5613.0,0.7675,0.434,0.5920000000000001,0.21600000000000003,0.2479999999999999,0,0,0,0,0,0
4685,Quite the Opposite,Dominic Fike,524,0.5959710089684462,0.6769651396469162,0.27199448625456646,0.8,0.2,0.6197445626186494,True,False,False,0.9583017152438169,0.5154685249837049,0.5645454849906469,0.6307273303862774,0.14285714285714285,1.0,140548.5,0.0,0.0,0.7675,0.434,0.5920000000000001,0.035999999999999976,0.1720000000000001,0,0,0,0,0,0
3061,Slipping Away,LEISURE,1081,0.5959501081058243,0.7449376350822803,2.000000165480742e-10,0.8,0.2,0.6380827768352497,False,True,False,0.8869618321671129,0.7855093037584666,0.55522696580834,0.8199633736219188,0.6,1.0,0.0,1.0,0.0,0.7675,0.434,0.5920000000000001,0.336,0.04200000000000004,0,0,0,0,0,0
6567,Somebody To Love,Justin Bieber,975,0.5958402289953206,0.7446927159097758,0.0004302813374994266,0.8,0.2,0.6555820876333486,False,True,False,0.9497676328216388,0.7159913561126461,0.6186617369138139,0.6384825955474484,0.14285714285714285,1.0,420.0,1.0,420.0,0.7675,0.434,0.5920000000000001,0.22600000000000003,0.23799999999999988,0,0,0,0,0,0
4336,Afterthought,Tame Impala,1840,0.5955944854592883,0.6635304091252948,0.32385079079526174,0.8,0.2,0.6105569574203962,False,True,False,0.8875029934389884,0.64652730350451,0.6620056724204577,0.5977718391441401,0.14285714285714285,1.0,241783.0,0.0,0.0,0.7675,0.434,0.5920000000000001,0.456,0.30799999999999994,0,0,0,0,0,0
2982,everytime,Ariana Grande,137,0.595387761209683,0.6501547040528114,0.37631998983716897,0.8,0.2,0.7049221098876526,False,False,True,0.8999129751397877,0.6579431628850545,0.64889393828672,0.4426527018977235,0.14285714285714285,1.0,172107.0,0.0,172107.0,0.7675,0.434,0.5920000000000001,0.22600000000000003,0.017999999999999905,0,0,0,0,0,0
2564,Ruthless,The Marías,1892,0.5947064158760414,0.6647621721080287,0.3144833909480924,0.8,0.2,0.6638545472348645,True,True,False,0.9475842553480875,0.5753120978041035,0.4936256248435129,0.6882513802956605,0.14285714285714285,2.0,124446.75,0.5,1438.5,0.7675,0.434,0.5920000000000001,0.12600000000000006,0.15200000000000008,0,0,0,0,0,0
5209,ELECTRIFY TONIGHT,Tommy Richman,1939,0.593580708964277,0.6721610556439113,0.27925932224573957,0.8,0.2,0.6217948107869159,True,False,False,0.9624022115803498,0.5154685249837049,0.5389868334753418,0.6307273303862774,0.14285714285714285,1.0,154731.0,0.0,0.0,0.7675,0.434,0.5920000000000001,0.10399999999999998,0.08200000000000007,0,0,0,0,0,0
5239,Ribs,Lorde,1161,0.5935192849903966,0.6692346471130697,0.2906578364997044,0.8,0.2,0.6757168219044497,True,False,False,0.9345290940171344,0.667261374479413,0.4452472204637011,0.7577640983570068,0.14285714285714285,2.0,109944.58333333333,0.5833333333333334,1965.0,0.7675,0.434,0.5920000000000001,0.394,0.12200000000000011,0,0,0,0,0,0
4182,Can I Grow a Garden With You,YULLOLA,2057,0.5927468294006111,0.7076246927067741,0.1332353761759589,0.8,0.2,0.63171016171802,True,False,False,0.9604201379817869,0.5700004636356326,0.5871431044296663,0.6583528401493346,0.14285714285714285,1.0,64882.5,0.5,0.0,0.7675,0.434,0.5920000000000001,0.16599999999999998,0.012000000000000122,0,0,0,0,0,0
1745,Worldwide,Big Time Rush,235,0.5926713672079263,0.7395673184070376,0.005087562411481136,0.8,0.2,0.6546918395000789,False,True,False,0.9479871365550994,0.7159913561126461,0.6103200485197648,0.6384825955474484,0.14285714285714285,1.0,4966.0,1.0,4966.0,0.7675,0.434,0.5920000000000001,0.186,0.17799999999999994,0,0,0,0,0,0
3258,Vigil,Golden Features,725,0.5924765206685297,0.665936613224992,0.29863615044268027,0.8,0.2,0.6318320996566249,True,False,False,0.9740222078865526,0.5366049785667433,0.5849218286046142,0.26195807885422007,0.3333333333333333,1.0,249976.67647058822,0.14705882352941177,0.0,0.7675,0.434,0.5920000000000001,0.124,0.2479999999999999,0,0,0,0,0,0
3706,Potion,Djo,517,0.5923956171013391,0.6740853194467786,0.2656368077195807,0.8,0.2,0.6184019002396416,True,False,False,0.9556163904858013,0.5154685249837049,0.5650393593218505,0.6307273303862774,0.14285714285714285,1.0,163631.72727272726,0.09090909090909091,0.0,0.7675,0.434,0.5920000000000001,0.07600000000000001,0.052000000000000046,0,0,0,0,0,0
3665,Love/Paranoia,Tame Impala,1840,0.5919376632214629,0.6661320142182936,0.29516025923414035,0.8,0.2,0.6240413465148887,True,False,False,0.9450825075755245,0.5700004636356326,0.5224528982120887,0.6583528401493346,0.14285714285714285,1.0,185773.0,0.0,0.0,0.7675,0.434,0.5920000000000001,0.08400000000000002,0.10799999999999987,0,0,0,0,0,0
2207,Snap My Finger (feat. PinkPantheress),KAYTRANADA,986,0.5919026933937417,0.6237008432125519,0.4647100941185007,0.8,0.2,0.7593602970357576,False,False,True,0.9073246231633221,0.5366049785667433,0.6761522168876766,0.26195807885422007,0.3333333333333333,3.0,74224.66666666667,0.6666666666666666,117176.88983696593,0.7675,0.434,0.5920000000000001,0.066,0.04799999999999993,0,0,0,0,0,0
6538,Apologize,OneRepublic,1433,0.5913194148309242,0.7387215485484029,0.0017108799610095755,0.8,0.2,0.6528876456058575,True,False,False,0.9638707414199499,0.667261374479413,0.5423407635442905,0.7577640983570068,0.14285714285714285,1.0,1670.0,1.0,1670.0,0.7675,0.434,0.5920000000000001,0.066,0.1479999999999999,0,0,0,0,0,0
5234,Falling Asleep,Dominic Fike,524,0.5912970588404146,0.7069935756169918,0.12851099173410527,0.8,0.2,0.6311361263613467,True,False,False,0.9592720672684404,0.5700004636356326,0.588971950334287,0.6583528401493346,0.14285714285714285,1.0,55659.5,0.5,0.0,0.7675,0.434,0.5920000000000001,0.296,0.007999999999999896,0,0,0,0,0,0
3977,You Make Me Feel... (feat. Sabi),Cobra Starship,400,0.5909774487836091,0.700103848406187,0.15447185029329746,0.8,0.2,0.6699888433276951,False,True,False,0.8919655022195716,0.7450304610895467,0.6768377163822279,0.4740779542157539,0.3333333333333333,2.0,7070.0,1.0,1660.0000000000002,0.7675,0.434,0.5920000000000001,0.316,0.2679999999999999,0,0,0,0,0,0
4726,Blue Hair,TV Girl,1828,0.590789409034606,0.6606977711630871,0.31115596052068095,0.8,0.2,0.6171394133704086,True,False,False,0.9561069647660624,0.507929654936887,0.6181686554280388,0.32724607741057027,0.3333333333333333,1.0,217000.0,0.0,0.0,0.7675,0.434,0.5920000000000001,0.446,0.1279999999999999,0,0,0,0,0,0
2310,Stay The Night - Featuring Hayley Williams Of Paramore,Zedd,2090,0.5907542794906345,0.6863638230849969,0.20831610511318485,0.8,0.2,0.6850771950314758,True,False,False,0.95609599519617,0.6651201964020081,0.5514732862332024,0.36592233693636916,0.3333333333333333,1.0,105728.0,0.5,105728.0,0.7675,0.434,0.5920000000000001,0.026000000000000023,0.1479999999999999,0,0,0,0,0,0
5932,The Sweet Escape,Gwen Stefani,745,0.5907205320621974,0.7312073661270132,0.028773195802934165,0.8,0.2,0.654179960286052,False,True,False,0.9353477361362853,0.7450304610895467,0.6272893498340071,0.4740779542157539,0.3333333333333333,1.0,6394.444444444444,0.8888888888888888,6394.444444444444,0.7675,0.434,0.5920000000000001,0.296,0.17799999999999994,0,0,0,0,0,0
6110,Walking On A Dream,Empire Of The Sun,593,0.5902176593597943,0.7333471790393075,0.017699580641741625,0.8,0.2,0.6404441042538211,False,True,False,0.9078760240718237,0.7450304610895467,0.71752876826312,0.4740779542157539,0.3333333333333333,1.0,17276.666666666668,1.0,17276.666666666668,0.7675,0.434,0.5920000000000001,0.296,0.10799999999999987,0,0,0,0,0,0
6034,Dark Red,Steve Lacy,1782,0.5900922172168662,0.7374154980858152,0.0007990937410703495,0.8,0.2,0.6306588297463455,True,False,False,0.9615632929321344,0.5618859164013915,0.6150132390932643,0.7808252893174739,0.14285714285714285,1.0,780.0,1.0,780.0000000000001,0.7675,0.434,0.5920000000000001,0.34600000000000003,0.18799999999999994,0,0,0,0,0,0
3795,Victory Lap Five,Fred again..,663,0.5898258286191553,0.6893484377090787,0.19173539225946148,0.8,0.2,0.6412032739876777,True,False,False,0.9663423818906162,0.6026604152118484,0.6226160070342099,0.2602212220307005,0.3333333333333333,1.0,244160.66666666666,0.6666666666666666,0.0,0.7675,0.434,0.5920000000000001,0.13599999999999995,0.21799999999999997,0,0,0,0,0,0
5435,Greener,FKJ,620,0.5889047107457738,0.7360416306581585,0.00035703109623464607,0.8,0.2,0.6361310902703378,False,True,False,0.9014881882127123,0.7394349808199081,0.5916951443250503,0.6633776593136839,0.6,1.0,697.0,1.0,0.0,0.7675,0.434,0.5920000000000001,0.11600000000000005,0.08200000000000007,0,0,0,0,0,0
6602,I Wanna Dance with Somebody (Who Loves Me),Whitney Houston,2025,0.5886122878782293,0.7183492185180486,0.06966456531895213,0.8,0.2,0.6408726574785667,False,True,False,0.920348772512075,0.7159913561126461,0.6381064320015031,0.6384825955474484,0.14285714285714285,1.0,68000.0,1.0,68000.0,0.7675,0.434,0.5920000000000001,0.436,0.22799999999999987,0,0,0,0,0,0
4347,Lakitu,Oppidan,1437,0.5885218444223996,0.7129237801049368,0.09091410169225048,0.8,0.2,0.6222804529683518,False,True,False,0.9048681091357521,0.6617319920023788,0.6914874864292486,0.5698686479294937,0.3333333333333333,1.0,79873.0,0.75,0.0,0.7675,0.434,0.5920000000000001,0.006000000000000005,0.19799999999999995,0,0,0,0,0,0
6843,La La La,Naughty Boy,1360,0.5868121157076177,0.7194106313451812,0.05641805315736314,0.8,0.2,0.6338959479947129,False,True,False,0.9123355033966749,0.7011409814818775,0.6624845123654564,0.5560965153616861,0.3333333333333333,1.0,55070.0,1.0,55070.0,0.7675,0.434,0.5920000000000001,0.174,0.05799999999999994,0,0,0,0,0,0
5008,one thing,strongboi,2189,0.5865389799995775,0.6469434129227097,0.34492124830704834,0.8,0.2,0.6145437258785235,True,False,False,0.950785068693193,0.5082559576596347,0.5407125442836733,0.5672115614196828,0.14285714285714285,1.0,282917.0,0.0,0.0,0.7675,0.434,0.5920000000000001,0.24600000000000005,0.15200000000000008,0,0,0,0,0,0
4129,Thank You,Clairo,389,0.5856570066233175,0.6811967545371335,0.20349801496805364,0.8,0.2,0.6241241717925737,True,False,False,0.9670609335916656,0.5154685249837049,0.5490193552882137,0.6307273303862774,0.14285714285714285,1.0,136976.33333333334,0.3333333333333333,0.0,0.7675,0.434,0.5920000000000001,0.25599999999999995,0.012000000000000122,0,0,0,0,0,0
3051,Rainy,PawPaw Rod,1480,0.5848691098064098,0.6432485397291579,0.3513513901154175,0.8,0.2,0.6686672332452553,False,False,True,0.8418780172215558,0.6217561744686481,0.706712694118432,0.7303648325304357,0.14285714285714285,1.0,147735.0,0.0,147735.0,0.7675,0.434,0.5920000000000001,0.466,0.017999999999999905,0,0,0,0,0,0
3206,Holding Back,Eggshells,569,0.5847034909985229,0.636019225607419,0.3794405525629385,0.8,0.2,0.7017487206833448,True,False,False,0.9534410788213401,0.5082559576596347,0.503097617849544,0.5672115614196828,0.14285714285714285,1.0,175153.0,0.0,175153.0,0.7675,0.434,0.5920000000000001,0.055999999999999994,0.062000000000000055,0,0,0,0,0,0
4229,Twin Flame,RUBII,1558,0.5846352407305215,0.6929885768924998,0.15122189608260836,0.8,0.2,0.6222315485550909,True,False,False,0.9676810974013546,0.5044549992720682,0.5472173407608801,0.7197044209999789,0.14285714285714285,1.0,99996.0,0.5,0.0,0.7675,0.434,0.5920000000000001,0.10600000000000004,0.017999999999999905,0,0,0,0,0,0
4744,People Everywhere (Still Alive),Khruangbin,1036,0.5843993982586608,0.7295512206123413,0.0037921088439382697,0.8,0.2,0.6423205920866675,False,True,False,0.9348306596196702,0.6870263113841623,0.5258563407963959,0.630758275599903,0.6,1.0,7403.0,1.0,0.0,0.7675,0.434,0.5920000000000001,0.37600000000000006,0.05799999999999994,0,0,0,0,0,0
3725,T. Rex Is Loud,Djo,517,0.5842091915447787,0.6805355545943861,0.1989037393463486,0.8,0.2,0.6139528566123462,True,False,False,0.9467183032312105,0.5154685249837049,0.609787340745316,0.6307273303862774,0.14285714285714285,1.0,128007.33333333333,0.3333333333333333,0.0,0.7675,0.434,0.5920000000000001,0.336,0.04799999999999993,0,0,0,0,0,0
1908,Beg,Leon Thomas,1121,0.5838348025063987,0.6947315494457246,0.14024781474909556,0.8,0.2,0.6488811064015705,True,False,False,0.9647774181625635,0.5232781260914792,0.6064669337789264,0.6722928194817069,0.0,1.0,71823.0,0.6666666666666666,71823.0,0.7675,0.434,0.5920000000000001,0.296,0.07799999999999996,0,0,0,0,0,0
3472,Threat of Joy,The Strokes,1910,0.5837293739118825,0.6907609876103267,0.1556029191181057,0.8,0.2,0.6307971171906849,False,True,False,0.9279833129795657,0.64652730350451,0.6109400276672283,0.5977718391441401,0.14285714285714285,1.0,136437.42857142858,0.5714285714285714,0.0,0.7675,0.434,0.5920000000000001,0.25599999999999995,0.10799999999999987,0,0,0,0,0,0
5007,favorite place,strongboi,2189,0.583635289148564,0.6524685427986923,0.3083022745480509,0.8,0.2,0.621287719033549,True,False,False,0.964273055003244,0.5082559576596347,0.5141331041979433,0.5672115614196828,0.14285714285714285,1.0,211429.0,0.0,0.0,0.7675,0.434,0.5920000000000001,0.035999999999999976,0.052000000000000046,0,0,0,0,0,0
2918,And We Go Gentle,Hiatus Kaiyote,780,0.5832962389896303,0.6270717763429539,0.40819408957633657,0.8,0.2,0.6829617113484989,False,False,True,0.9158670601516482,0.5082559576596347,0.5945123170706776,0.5672115614196828,0.14285714285714285,1.0,203219.5,0.0,203219.5,0.7675,0.434,0.5920000000000001,0.09600000000000003,0.012000000000000122,0,0,0,0,0,0
6033,Stargirl Interlude,The Weeknd,1915,0.5831994180504515,0.728835355889255,0.0006556666952372128,0.8,0.2,0.634489975762676,False,True,False,0.9268760274260315,0.6677598102483014,0.6973872052757035,0.4914913893862066,0.3333333333333333,1.0,640.0,1.0,640.0,0.7675,0.434,0.5920000000000001,0.006000000000000005,0.12200000000000011,0,0,0,0,0,0
1747,Til I Forget About You,Big Time Rush,235,0.582747077138833,0.7269852332106266,0.005794452851658739,0.8,0.2,0.6542570073226721,False,True,False,0.9471174722002857,0.7159913561126461,0.5790768506525173,0.6384825955474484,0.14285714285714285,1.0,5656.0,1.0,5656.0,0.7675,0.434,0.5920000000000001,0.11600000000000005,0.2779999999999999,0,0,0,0,0,0
4260,no free events! (8_19_22),Wavehouse,2018,0.5827150115306712,0.725036675071807,0.01342835736612744,0.8,0.2,0.6452979544741039,False,True,False,0.9504134477327661,0.6629561530386038,0.5593486812400095,0.622879142960778,0.3333333333333333,1.0,26215.0,1.0,0.0,0.7675,0.434,0.5920000000000001,0.16599999999999998,0.012000000000000122,0,0,0,0,0,0
5351,Die For You,The Weeknd,1915,0.582636905595259,0.6869248183502714,0.16548525457520943,0.8,0.2,0.6565834202139034,False,True,False,0.8960629163284861,0.6677598102483014,0.6791552387559409,0.4914913893862066,0.3333333333333333,2.0,28555.5,1.0,1675.0,0.7675,0.434,0.5920000000000001,0.026000000000000023,0.062000000000000055,0,0,0,0,0,0
3394,meditation,VAKE,1981,0.5825239915735462,0.7277895065697828,0.0014619315885992027,0.8,0.2,0.6509982042285861,False,True,False,0.9598924843578518,0.6677598102483014,0.5930475498694501,0.4914913893862066,0.3333333333333333,1.0,2854.0,1.0,0.0,0.7675,0.434,0.5920000000000001,0.196,0.2479999999999999,0,0,0,0,0,0
6349,Rock Your Body,Justin Timberlake,976,0.582501588827677,0.7278093975259657,0.0012703540345220844,0.8,0.2,0.6316088346615015,False,True,False,0.8900689717149647,0.7453717440200959,0.7059840335411067,0.5878117736081508,0.3333333333333333,1.0,1240.0,1.0,1240.0,0.7675,0.434,0.5920000000000001,0.38599999999999995,0.11799999999999988,0,0,0,0,0,0
4799,Rest Easy,nimino,2162,0.5824470860633362,0.6593012892413053,0.27503027335145963,0.8,0.2,0.6306100760305975,True,False,False,0.9715781606344978,0.5366049785667433,0.574550175540413,0.26195807885422007,0.3333333333333333,1.0,146475.0,0.0,0.0,0.7675,0.434,0.5920000000000001,0.10399999999999998,0.06799999999999995,0,0,0,0,0,0
1818,Too Good to Say Goodbye,Bruno Mars,297,0.5823140268668712,0.7268936666072511,0.003995467905351682,0.8,0.2,0.661835823319456,False,True,False,0.9298511415284827,0.7970512627760734,0.5124956144824161,0.6539545871680882,0.3333333333333333,1.0,3900.0,1.0,3900.0000000000005,0.7675,0.434,0.5920000000000001,0.0040000000000000036,0.03799999999999992,0,0,0,0,0,0
1324,ON MY MIND,Simmer Pine,1731,0.5819317105478997,0.6917793178072345,0.1425412815105607,0.8,0.2,0.6515293607747533,True,False,False,0.9513849918912678,0.5700004636356326,0.5722106851923219,0.6583528401493346,0.14285714285714285,1.0,74061.66666666667,0.6666666666666666,74061.66666666667,0.7675,0.434,0.5920000000000001,0.35600000000000004,0.04200000000000004,0,0,0,0,0,0
6926,Break Your Heart,Taio Cruz,1837,0.5818300710179675,0.7272107528050487,0.0003073438696424523,0.8,0.2,0.6523519183876985,False,True,False,0.9433072943303384,0.7159913561126461,0.5914004733365504,0.6384825955474484,0.14285714285714285,1.0,300.0,1.0,300.0,0.7675,0.434,0.5920000000000001,0.196,0.30799999999999994,0,0,0,0,0,0
460,Beige,Terrace Martin,1855,0.5817523877821376,0.6009943638477098,0.504784483519849,0.8,0.2,0.7338712230243505,True,False,False,0.9606023632191958,0.29740971409463907,0.6233980452698782,0.47991867359920126,0.0,3.0,102373.66666666667,0.5,102187.86045069106,0.7675,0.434,0.5920000000000001,0.12600000000000006,0.012000000000000122,0,0,0,0,0,0
960,Locked out of Heaven,Bruno Mars,297,0.5816723339831111,0.6792750858909875,0.19126132635160542,0.8,0.2,0.6611439253492193,True,False,False,0.9447240211853523,0.5232781260914792,0.626462272956441,0.6722928194817069,0.0,2.0,30283.3125,0.9375,25864.894159144278,0.7675,0.434,0.5920000000000001,0.436,0.10799999999999987,0,0,0,0,0,0
1700,Eye 2 eye,NOMAD,1351,0.5816390767347751,0.6733171815295603,0.21492665755563428,0.8,0.2,0.6208609336617197,True,False,False,0.951136779202648,0.5389627203019782,0.6144785484381566,0.39308559406373134,0.3333333333333333,1.0,14570.0,0.0,14570.0,0.7675,0.434,0.5920000000000001,0.08600000000000002,0.2479999999999999,0,0,0,0,0,0
