track_id,track_name,artist_name,artist_id,hybrid_score,s_content,s_collab,w_content,w_collab,pre_score,from_content,from_tag,from_neighbor,long_term_sim,tag_cosine,mood_sim,cluster_tag_sim,tag_jaccard,group_listener_count,group_avg_ms,group_skip_rate,weighted_nbr_avg_ms,recent_skip_pct,recent_avg_valence,recent_avg_energy,valence_delta,energy_delta,tod_morning,tod_afternoon,tod_evening,tod_night,platform_mobile,platform_desktop,map_score,map_w_content,map_w_collab,ap_before,ap_after,map_tier,map_improved
296,Running Through The Rain,YUGYEOM,2056,0.7549036884618164,0.8728945233632044,0.28294034885626407,0.8,0.2,0.7190034196936165,False,True,False,0.9366119554148927,0.8482390536162345,0.7219124831920765,0.8053910093766937,0.6,1.0,147692.5,0.5,147692.5,0.9630188679245283,0.639,0.776,0.0010000000000000009,0.05600000000000005,0,0,0,0,0,0,0.7549036884618164,0.8,0.2,0.0,0.0,defaults,False
1064,SUMMERIDE,Jay Park,896,0.7548835650608818,0.8639033659175965,0.31880436163402276,0.8,0.2,0.7228676756302741,False,True,False,0.9379905654058358,0.8096767692435113,0.7281539095685668,0.7961941804520483,0.6,1.0,156463.3,0.375,156463.3,0.9630188679245283,0.639,0.776,0.05900000000000005,0.04399999999999993,0,0,0,0,0,0,0.7548835650608818,0.8,0.2,0.0,0.0,defaults,False
993,"Party Band (Feat. PUNCHNELLO, Thur)",Loco,1157,0.7437442192824256,0.8430699394672305,0.34644133854320575,0.8,0.2,0.7191209369569384,True,False,False,0.978216428132867,0.7448154581379083,0.6288192316544525,0.7555884832616567,0.6,1.0,198958.5,0.5,198958.5,0.9630188679245283,0.639,0.776,0.131,0.15600000000000003,0,0,0,0,0,0,0.7437442192824256,0.8,0.2,0.0,0.0,defaults,False
3073,Sundress,A$AP Rocky,45,0.7318804749198984,0.8158598513722801,0.39596296911037127,0.8,0.2,0.739260216982554,True,False,False,0.9771584608478721,0.6722992338201954,0.6449939152021996,0.6902162513718699,0.6,1.0,158206.0,0.0,158206.0,0.9630188679245283,0.639,0.776,0.10099999999999998,0.06600000000000006,0,0,0,0,0,0,0.7318804749198984,0.8,0.2,0.0,0.0,defaults,False
573,Late Night,Loco,1157,0.7311502049369388,0.8596166599209922,0.21728438500072517,0.8,0.2,0.7195668548616927,True,False,False,0.9694305681061707,0.7448154581379083,0.7002864057985473,0.7555884832616567,0.6,1.0,85716.44444444444,0.4444444444444444,85716.44444444444,0.9630188679245283,0.639,0.776,0.16100000000000003,0.134,0,0,0,0,0,0,0.7311502049369388,0.8,0.2,0.0,0.0,defaults,False
2180,Didn't Cha Know,Erykah Badu,601,0.7309687933798664,0.7906690906189516,0.4921676044235251,0.8,0.2,0.8491968855853265,False,True,False,0.9118368022433526,0.7664279469823196,0.7220220459770692,0.759354342327855,0.3333333333333333,4.0,77722.2697368421,0.5855263157894737,98715.38490600945,0.9630188679245283,0.639,0.776,0.18099999999999994,0.29600000000000004,0,0,0,0,0,0,0.7309687933798664,0.8,0.2,0.0,0.0,defaults,False
406,My Last (Feat. Loco & GRAY),Jay Park,896,0.730965468877605,0.8308341902511869,0.3314905833832777,0.8,0.2,0.7300289604166524,True,False,False,0.9709993875436799,0.7448154581379083,0.6142845197057332,0.7555884832616567,0.6,1.0,159977.5,0.3333333333333333,159977.5,0.9630188679245283,0.639,0.776,0.009000000000000008,0.124,0,0,0,0,0,0,0.730965468877605,0.8,0.2,0.0,0.0,defaults,False
4436,Time of Our Lives,Pitbull,1506,0.7282493232101983,0.7892870617166992,0.4840983691841951,0.8,0.2,0.7125385339368585,False,True,False,0.9249164732363365,0.7065071855663456,0.6442148458274843,0.7799714223764938,0.6,1.0,229360.0,0.0,229360.00000000003,0.9630188679245283,0.639,0.776,0.08099999999999996,0.02400000000000002,0,0,0,0,0,0,0.7282493232101983,0.8,0.2,0.0,0.0,defaults,False
135,Bawling,Primary,1528,0.7265806094509007,0.809090374791094,0.39654154809012737,0.8,0.2,0.7183793951834504,False,True,False,0.9048637544482035,0.8096767692435113,0.6652669068559904,0.7961941804520483,0.6,1.0,193901.87272727274,0.21818181818181817,193901.87272727274,0.9630188679245283,0.639,0.776,0.15900000000000003,0.15600000000000003,0,0,0,0,0,0,0.7265806094509007,0.8,0.2,0.0,0.0,defaults,False
1129,Birthday - Remix,Jay Park,896,0.7254954916855813,0.8323311359110308,0.2981529147837828,0.8,0.2,0.718568100327327,True,False,False,0.9771107548736442,0.7448154581379083,0.6014559398366546,0.7555884832616567,0.6,1.0,159974.0,0.5,159974.0,0.9630188679245283,0.639,0.776,0.05900000000000005,0.06600000000000006,0,0,0,0,0,0,0.7254954916855813,0.8,0.2,0.0,0.0,defaults,False
407,Best Friend,Pharrell Williams,1489,0.7242172254338917,0.8418550184849452,0.2536660532296774,0.8,0.2,0.7333140585843384,True,True,False,0.97259193060033,0.8540365496967641,0.6017169148088981,0.8107230430474031,0.3333333333333333,1.0,133028.88888888888,0.5555555555555556,133028.88888888888,0.9630188679245283,0.639,0.776,0.019000000000000017,0.026000000000000023,0,0,0,0,0,0,0.7242172254338917,0.8,0.2,0.0,0.0,defaults,False
168,센 척 (Prod. GRAY),pH-1,2169,0.7241708803336984,0.834606975646403,0.2824264990828797,0.8,0.2,0.7287464324078746,True,False,False,0.9760495675939576,0.7448154581379083,0.6108742533538629,0.7555884832616567,0.6,1.0,127425.37704918033,0.3770491803278688,127425.37704918033,0.9630188679245283,0.639,0.776,0.06099999999999994,0.126,0,0,0,0,0,0,0.7241708803336984,0.8,0.2,0.0,0.0,defaults,False
328,절대로 잊지 않아 I Never Forget,The Quiett,1902,0.7217878517830881,0.7747794249606625,0.5098215590727901,0.8,0.2,0.7167498959897385,False,False,True,0.9287607067278256,0.6388514004998969,0.7017154350018076,0.6676135733072305,0.6,1.0,250127.0,0.0,250127.0,0.9630188679245283,0.639,0.776,0.031000000000000028,0.07399999999999995,0,0,0,0,0,0,0.7217878517830881,0.8,0.2,0.0,0.0,defaults,False
537,Summer Night,GRAY,694,0.7205857486254674,0.8802706869073198,0.08184599549805784,0.8,0.2,0.6738116244919304,False,True,False,0.9324727959139478,0.8503761326747827,0.7428809683456365,0.8254559245260098,0.6,1.0,66076.4,1.0,66076.4,0.9630188679245283,0.639,0.776,0.21099999999999997,0.08399999999999996,0,0,0,0,0,0,0.7205857486254674,0.8,0.2,0.0,0.0,defaults,False
4726,Blue Hair,TV Girl,1828,0.7191976259744647,0.781799890297508,0.46878856868229124,0.8,0.2,0.7218488943804926,True,True,False,0.9641407601029662,0.6549982706179416,0.6628749978297013,0.7137404461595462,0.3333333333333333,1.0,217000.0,0.0,216999.99999999997,0.9630188679245283,0.639,0.776,0.241,0.05600000000000005,0,0,0,0,0,0,0.7191976259744647,0.8,0.2,0.0,0.0,defaults,False
2303,Friday ya,Crush,433,0.7151845993909286,0.825257873074009,0.27489150465860723,0.8,0.2,0.7191705286898181,False,True,False,0.9207208836910804,0.8503761326747827,0.619711668072565,0.8254559245260098,0.6,1.0,126947.5294117647,0.4117647058823529,126947.5294117647,0.9630188679245283,0.639,0.776,0.10099999999999998,0.09599999999999997,0,0,0,0,0,0,0.7151845993909286,0.8,0.2,0.0,0.0,defaults,False
1476,All About U (Feat. Loco),YUGYEOM,2056,0.7147622792085455,0.853220113585037,0.1609309417025794,0.8,0.2,0.7075145063939212,False,True,False,0.9426672163241177,0.8482390536162345,0.6492046088230086,0.8053910093766937,0.6,1.0,76102.0,0.6666666666666666,76102.0,0.9630188679245283,0.639,0.776,0.10899999999999999,0.07600000000000007,0,0,0,0,0,0,0.7147622792085455,0.8,0.2,0.0,0.0,defaults,False
1029,That Girl,Pharrell Williams,1489,0.7145535664384601,0.8366759663030172,0.22606396698023157,0.8,0.2,0.7483021989780592,False,True,False,0.957481089426951,0.8540365496967641,0.6292461541808994,0.8107230430474031,0.3333333333333333,2.0,56668.27272727273,0.8181818181818181,88166.54545454546,0.9630188679245283,0.639,0.776,0.06099999999999994,0.02400000000000002,0,0,0,0,0,0,0.7145535664384601,0.8,0.2,0.0,0.0,defaults,False
1664,Crazy,Gnarls Barkley,723,0.7125513706419152,0.8629658710423213,0.11089336904029069,0.8,0.2,0.7362231387150697,False,True,False,0.9708644039342332,0.8789546837397655,0.6164460863798396,0.8719402717051657,0.3333333333333333,2.0,6883.0,1.0,10706.0,0.9630188679245283,0.639,0.776,0.029000000000000026,0.03600000000000003,0,0,0,0,0,0,0.7125513706419152,0.8,0.2,0.0,0.0,defaults,False
2986,You Know What,N.E.R.D,1340,0.7112913339469247,0.838871003589964,0.200972655374767,0.8,0.2,0.7047045115898662,False,True,False,0.9177944033010268,0.8540365496967641,0.7463444779469874,0.8107230430474031,0.3333333333333333,2.0,1278.5,0.5,292.0,0.9630188679245283,0.639,0.776,0.30099999999999993,0.014000000000000012,0,0,0,0,0,0,0.7112913339469247,0.8,0.2,0.0,0.0,defaults,False
919,SEATTLE 2 SEOUL,Jay Park,896,0.709722232056321,0.8284219149094587,0.2349235006437701,0.8,0.2,0.700334913858577,False,True,False,0.913589895291945,0.8124516747484067,0.691180475161465,0.800885732289965,0.6,1.0,108927.25,0.5,108927.25,0.9630188679245283,0.639,0.776,0.09899999999999998,0.06600000000000006,0,0,0,0,0,0,0.709722232056321,0.8,0.2,0.0,0.0,defaults,False
1977,15,pH-1,2169,0.7096438614336592,0.821966931666458,0.26035158050246404,0.8,0.2,0.7158887458754111,True,False,False,0.9717520459698124,0.7448154581379083,0.5870367322571011,0.7555884832616567,0.6,1.0,129456.0,0.5,129456.0,0.9630188679245283,0.639,0.776,0.119,0.006000000000000005,0,0,0,0,0,0,0.7096438614336592,0.8,0.2,0.0,0.0,defaults,False
105,Hug Me,Crush,433,0.7072699228542573,0.8212297413344944,0.2514306489333086,0.8,0.2,0.6959918159440086,False,True,False,0.8897339162922577,0.8503761326747827,0.6948581765372928,0.8254559245260098,0.6,1.0,122253.9,0.5,122253.9,0.9630188679245283,0.639,0.776,0.339,0.11399999999999999,0,0,0,0,0,0,0.7072699228542573,0.8,0.2,0.0,0.0,defaults,False
2277,I Fancy You,Crush,433,0.7051128278726484,0.8800778519295294,0.005252731645124609,0.8,0.2,0.6795118029515662,False,True,False,0.9438731528332195,0.8503761326747827,0.7104846442701473,0.8254559245260098,0.6,1.0,4240.666666666667,1.0,4240.666666666667,0.9630188679245283,0.639,0.776,0.019000000000000017,0.026000000000000023,0,0,0,0,0,0,0.7051128278726484,0.8,0.2,0.0,0.0,defaults,False
495,TMI,GRAY,694,0.7045529768804802,0.8318253354198883,0.19546354272284755,0.8,0.2,0.7121132072916503,True,False,False,0.9766437205916976,0.7448154581379083,0.6013263979792394,0.7555884832616567,0.6,1.0,88603.42857142857,0.5714285714285714,88603.42857142857,0.9630188679245283,0.639,0.776,0.009000000000000008,0.04600000000000004,0,0,0,0,0,0,0.7045529768804802,0.8,0.2,0.0,0.0,defaults,False
2408,Frontin' (feat. JAY-Z) - Club Mix,Pharrell Williams,1489,0.7044933603027823,0.7656856728477061,0.4597241101230873,0.8,0.2,0.8416225114209465,False,True,True,0.9103929437256052,0.7885244988178253,0.6341496812498759,0.7659917582879401,0.3333333333333333,4.0,76592.20833333333,0.75,100574.04592879322,0.9630188679245283,0.639,0.776,0.121,0.376,0,0,0,0,0,0,0.7044933603027823,0.8,0.2,0.0,0.0,defaults,False
2276,I’m Fine,Crush,433,0.7014962826214924,0.8415197844109499,0.14140227546366235,0.8,0.2,0.6871563902994111,False,True,False,0.9010961525116783,0.8503761326747827,0.720652062686492,0.8254559245260098,0.6,1.0,60336.0,0.6666666666666666,60336.0,0.9630188679245283,0.639,0.776,0.22099999999999997,0.08399999999999996,0,0,0,0,0,0,0.7014962826214924,0.8,0.2,0.0,0.0,defaults,False
375,One Nation,Jay Park,896,0.7014734802853785,0.8341313839228168,0.1708418657356247,0.8,0.2,0.7062769606364873,True,False,False,0.9699483279971342,0.7448154581379083,0.6265708130931333,0.7555884832616567,0.6,1.0,73339.0,0.6,73339.0,0.9630188679245283,0.639,0.776,0.0010000000000000009,0.07399999999999995,0,0,0,0,0,0,0.7014734802853785,0.8,0.2,0.0,0.0,defaults,False
782,ON IT (Feat. DJ Wegun),Jay Park,896,0.7007977159423373,0.8357618495944799,0.16094118133376714,0.8,0.2,0.6826501634051017,True,True,False,0.9653196569108407,0.8124516747484067,0.5674755851603968,0.800885732289965,0.6,1.0,129932.0,1.0,129932.0,0.9630188679245283,0.639,0.776,0.189,0.07600000000000007,0,0,0,0,0,0,0.7007977159423373,0.8,0.2,0.0,0.0,defaults,False
4461,Who's Gonna Save My Soul - Original Mix,Gnarls Barkley,723,0.7003195708248056,0.8199946146593204,0.22161939548674559,0.8,0.2,0.7087390731354692,False,True,False,0.919617412569611,0.8789546837397655,0.6377617883188154,0.8719402717051657,0.3333333333333333,1.0,98186.5,0.5,98186.5,0.9630188679245283,0.639,0.776,0.039000000000000035,0.17600000000000005,0,0,0,0,0,0,0.7003195708248056,0.8,0.2,0.0,0.0,defaults,False
862,Jigoobon Music (Feat. Kero One),Dynamicduo,548,0.6998994780205363,0.829654624191795,0.1808788933355009,0.8,0.2,0.7017714652646473,True,False,False,0.9725505722569003,0.7448154581379083,0.6066060119894143,0.7555884832616567,0.6,1.0,92206.5,0.6666666666666666,92206.5,0.9630188679245283,0.639,0.776,0.179,0.15400000000000003,0,0,0,0,0,0,0.6998994780205363,0.8,0.2,0.0,0.0,defaults,False
2304,Give It to Me,Crush,433,0.6996131347738295,0.8341631410547345,0.16141310965020933,0.8,0.2,0.6770941342527814,False,True,False,0.9390378154356498,0.8503761326747827,0.5937919886892352,0.8254559245260098,0.6,1.0,130313.0,1.0,130313.0,0.9630188679245283,0.639,0.776,0.329,0.16600000000000004,0,0,0,0,0,0,0.6996131347738295,0.8,0.2,0.0,0.0,defaults,False
667,MURDA (Feat. Dok2),Chancellor,350,0.6984286023496147,0.7973334344021819,0.3028092741393457,0.8,0.2,0.7142378371478516,False,True,False,0.9093862017197156,0.8198928063538148,0.6055226922797141,0.8075310998333661,0.6,1.0,136822.33333333334,0.3333333333333333,136822.33333333334,0.9630188679245283,0.639,0.776,0.469,0.19600000000000006,0,0,0,0,0,0,0.6984286023496147,0.8,0.2,0.0,0.0,defaults,False
781,Pick Up The Phone,Ciara,384,0.6970499118739251,0.8094799949731922,0.24732957947685608,0.8,0.2,0.7241158649613655,False,True,False,0.9470613252268735,0.8476778554250279,0.59749937179304,0.787898003355312,0.3333333333333333,1.0,118943.0,0.5,118943.0,0.9630188679245283,0.639,0.776,0.129,0.22599999999999998,0,0,0,0,0,0,0.6970499118739251,0.8,0.2,0.0,0.0,defaults,False
1441,SUMMER HOLiDAY (`97 In Love),KIRIN,990,0.6966977736522229,0.8294142434252485,0.16583189456011982,0.8,0.2,0.7010409877176514,True,False,False,0.9710896171629086,0.7448154581379083,0.6100058707606153,0.7555884832616567,0.6,1.0,80058.66666666667,0.6666666666666666,80058.66666666667,0.9630188679245283,0.639,0.776,0.029000000000000026,0.16399999999999992,0,0,0,0,0,0,0.6966977736522229,0.8,0.2,0.0,0.0,defaults,False
4240,Cooler Than Me - Single Mix,Mike Posner,1295,0.6924304659348033,0.7659485269065148,0.3983582220479568,0.8,0.2,0.7501437284066111,False,True,False,0.9173157230080653,0.7260350334857866,0.6822214736889134,0.7326496742731049,0.3333333333333333,2.0,106986.5,0.5,213293.00000000003,0.9630188679245283,0.639,0.776,0.009000000000000008,0.04399999999999993,0,0,0,0,0,0,0.6924304659348033,0.8,0.2,0.0,0.0,defaults,False
882,Whatever You Do,Crush,433,0.6923804688835425,0.8358818914582307,0.1183747785847899,0.8,0.2,0.6881589548461189,False,True,False,0.929494997522017,0.8503761326747827,0.6253259229758241,0.8254559245260098,0.6,1.0,66209.72727272728,0.8181818181818182,66209.72727272728,0.9630188679245283,0.639,0.776,0.10099999999999998,0.08399999999999996,0,0,0,0,0,0,0.6923804688835425,0.8,0.2,0.0,0.0,defaults,False
576,LOVE STORY,Epik High,596,0.692374025183412,0.8383800537643906,0.10834991085949691,0.8,0.2,0.686599087028476,True,False,False,0.9705603685361186,0.7465117950305449,0.6328134296480599,0.7611792692382244,0.6,1.0,60562.833333333336,0.8333333333333334,60562.833333333336,0.9630188679245283,0.639,0.776,0.121,0.08399999999999996,0,0,0,0,0,0,0.692374025183412,0.8,0.2,0.0,0.0,defaults,False
748,Get Up (feat. Chamillionaire),Ciara,384,0.6922103021779679,0.8222340950381182,0.17211513073736645,0.8,0.2,0.7113942931366709,False,True,False,0.8963342613842977,0.8540365496967641,0.7591206626057679,0.8107230430474031,0.3333333333333333,2.0,28972.6,0.9,55175.2,0.9630188679245283,0.639,0.776,0.009000000000000008,0.14600000000000002,0,0,0,0,0,0,0.6922103021779679,0.8,0.2,0.0,0.0,defaults,False
299,Hey Baby,Crush,433,0.6910126827055124,0.8582554605867871,0.022041571180413493,0.8,0.2,0.6720726046368507,False,True,False,0.9289947562037884,0.8503761326747827,0.690168643479246,0.8254559245260098,0.6,1.0,17794.733333333334,1.0,17794.733333333334,0.9630188679245283,0.639,0.776,0.06099999999999994,0.18399999999999994,0,0,0,0,0,0,0.6910126827055124,0.8,0.2,0.0,0.0,defaults,False
6178,Say My Name,Destiny's Child,505,0.6904985759787707,0.85436126998007,0.035047799973573435,0.8,0.2,0.6797605498119912,False,True,False,0.9429064797452767,0.8540365496967641,0.7201142246443657,0.8107230430474031,0.3333333333333333,1.0,56590.0,1.0,0.0,0.9630188679245283,0.639,0.776,0.09099999999999997,0.09599999999999997,0,0,0,0,0,0,0.6904985759787707,0.8,0.2,0.0,0.0,defaults,False
551,Mutan,Drunken Tiger,540,0.6904156795784985,0.839828583660065,0.09276406325223276,0.8,0.2,0.681036993027975,True,False,False,0.9660875232980239,0.715366894368969,0.6864610452086081,0.7367366375211161,0.6,1.0,42597.8,0.8,42597.8,0.9630188679245283,0.639,0.776,0.20099999999999996,0.17399999999999993,0,0,0,0,0,0,0.6904156795784985,0.8,0.2,0.0,0.0,defaults,False
971,Missing You (Feat. Kim Yuna),G-DRAGON,682,0.6895349841451709,0.8178636193720459,0.17622044323767086,0.8,0.2,0.6920740446486164,True,False,False,0.9730256019977839,0.6819439227470836,0.6678624893043974,0.6627078826625462,0.6,1.0,83552.72727272728,0.6363636363636364,83552.72727272728,0.9630188679245283,0.639,0.776,0.14100000000000001,0.014000000000000012,0,0,0,0,0,0,0.6895349841451709,0.8,0.2,0.0,0.0,defaults,False
1809,Just the Way You Are,Bruno Mars,297,0.686563046710765,0.8325292564146701,0.10269820789514406,0.8,0.2,0.7278563369200046,False,True,False,0.9640980539613035,0.8540365496967641,0.5990012450475248,0.8107230430474031,0.3333333333333333,2.0,1906.6666666666665,1.0,2450.0,0.9630188679245283,0.639,0.776,0.21900000000000003,0.06399999999999995,0,0,0,0,0,0,0.686563046710765,0.8,0.2,0.0,0.0,defaults,False
841,Summer Go Loco (Feat. GRAY),Loco,1157,0.6864418657073517,0.8282624609665636,0.11915948467050333,0.8,0.2,0.6953629780600201,True,False,False,0.9742501416019539,0.7448154581379083,0.5979100918695595,0.7555884832616567,0.6,1.0,55834.25,0.75,55834.25,0.9630188679245283,0.639,0.776,0.139,0.10399999999999998,0,0,0,0,0,0,0.6864418657073517,0.8,0.2,0.0,0.0,defaults,False
2278,Lovely,Crush,433,0.6863536385433733,0.8562788414444324,0.006652826939136359,0.8,0.2,0.6753500303914015,False,True,False,0.93554960771289,0.8503761326747827,0.6662510314489345,0.8254559245260098,0.6,1.0,5371.0,1.0,5371.0,0.9630188679245283,0.639,0.776,0.02100000000000002,0.08399999999999996,0,0,0,0,0,0,0.6863536385433733,0.8,0.2,0.0,0.0,defaults,False
1093,SHOOT!,ITZY,813,0.6859333062771718,0.8383232182502631,0.07637365838480625,0.8,0.2,0.6675884361994041,True,False,False,0.9740301146512207,0.715366894368969,0.6600028090483661,0.7367366375211161,0.6,1.0,29365.4,0.8,29365.4,0.9630188679245283,0.639,0.776,0.271,0.016000000000000014,0,0,0,0,0,0,0.6859333062771718,0.8,0.2,0.0,0.0,defaults,False
2666,Yeah You,N.E.R.D,1340,0.6857326170610006,0.8568632293043583,0.0012101680875695952,0.8,0.2,0.6890513708442206,True,True,False,0.9614881218097355,0.8540365496967641,0.6752970247914539,0.8107230430474031,0.3333333333333333,1.0,977.0,1.0,977.0,0.9630188679245283,0.639,0.776,0.261,0.08600000000000008,0,0,0,0,0,0,0.6857326170610006,0.8,0.2,0.0,0.0,defaults,False
2029,1000,N.E.R.D,1340,0.6847943634438773,0.8539592342953755,0.00813488003788457,0.8,0.2,0.6745826880274618,True,False,False,0.9753033691449046,0.747155017275048,0.6737790466115638,0.7395387666399236,0.6,1.0,6567.5,1.0,6567.5,0.9630188679245283,0.639,0.776,0.08099999999999996,0.11399999999999999,0,0,0,0,0,0,0.6847943634438773,0.8,0.2,0.0,0.0,defaults,False
4187,Prototype,Outkast,1445,0.6840658615961716,0.7040574621946261,0.6040994592023534,0.8,0.2,0.7310805834456149,True,True,False,0.9291936469532572,0.7885244988178253,0.40686526468582795,0.7659917582879401,0.3333333333333333,1.0,326240.0,0.0,326240.0,0.9630188679245283,0.639,0.776,0.449,0.406,0,0,0,0,0,0,0.6840658615961716,0.8,0.2,0.0,0.0,defaults,False
6579,Give It To Me,Timbaland,1925,0.6831858845346216,0.8510783685229594,0.011615948581269938,0.8,0.2,0.6880607007964565,False,True,False,0.9689437536400367,0.8304441198821909,0.6604087363452857,0.803925077791155,0.3333333333333333,1.0,18755.714285714286,1.0,0.0,0.9630188679245283,0.639,0.776,0.18099999999999994,0.06600000000000006,0,0,0,0,0,0,0.6831858845346216,0.8,0.2,0.0,0.0,defaults,False
809,Stay With Me,Pharrell Williams,1489,0.6826023826389703,0.8038721932210894,0.197523140310494,0.8,0.2,0.7031123675945257,False,True,False,0.9315439402931147,0.8540365496967641,0.6086851753688296,0.8107230430474031,0.3333333333333333,1.0,105643.83333333333,0.6666666666666666,105643.83333333333,0.9630188679245283,0.639,0.776,0.189,0.15600000000000003,0,0,0,0,0,0,0.6826023826389703,0.8,0.2,0.0,0.0,defaults,False
2835,Out The Way,Dear Silas,492,0.681875466616916,0.7574547843157045,0.3795581958217618,0.8,0.2,0.7124188209857271,False,False,True,0.9284318055422563,0.6599088921001004,0.7247503526182386,0.6417667788796512,0.3333333333333333,1.0,144962.0,0.0,144962.0,0.9630188679245283,0.639,0.776,0.11099999999999999,0.19600000000000006,0,0,0,0,0,0,0.681875466616916,0.8,0.2,0.0,0.0,defaults,False
6171,Am I Wrong,Nico & Vinz,1381,0.6813940118562817,0.8517208382728777,8.670618989752985e-05,0.8,0.2,0.6955266768557343,False,True,False,0.974438733832763,0.8540365496967641,0.6245341532399461,0.8107230430474031,0.3333333333333333,1.0,140.0,1.0,0.0,0.9630188679245283,0.639,0.776,0.121,0.09599999999999997,0,0,0,0,0,0,0.6813940118562817,0.8,0.2,0.0,0.0,defaults,False
1225,Best Lover,88rising,34,0.681283959782641,0.8007041415621868,0.2036032326644574,0.8,0.2,0.717174251849783,True,True,False,0.9713559854008972,0.7885244988178253,0.5631380953091805,0.7659917582879401,0.3333333333333333,1.0,83641.58333333333,0.5,83641.58333333333,0.9630188679245283,0.639,0.776,0.119,0.11599999999999999,0,0,0,0,0,0,0.681283959782641,0.8,0.2,0.0,0.0,defaults,False
550,A Little Bit,Crush,433,0.6810935871371704,0.8188811757965238,0.12994323249975692,0.8,0.2,0.6926777726148394,False,True,False,0.9266554608968427,0.8503761326747827,0.5850495433096311,0.8254559245260098,0.6,1.0,64540.25,0.75,64540.25,0.9630188679245283,0.639,0.776,0.259,0.07600000000000007,0,0,0,0,0,0,0.6810935871371704,0.8,0.2,0.0,0.0,defaults,False
496,Upside Down,Jay Park,896,0.6791293587025679,0.844507157907116,0.017618161884375306,0.8,0.2,0.6665885541317124,True,False,False,0.9720303505158372,0.715366894368969,0.6831255290952596,0.7367366375211161,0.6,1.0,14223.6,1.0,14223.6,0.9630188679245283,0.639,0.776,0.271,0.15400000000000003,0,0,0,0,0,0,0.6791293587025679,0.8,0.2,0.0,0.0,defaults,False
470,You Can Do It Too,Pharrell Williams,1489,0.6789712824181389,0.8024671009792732,0.184988008173601,0.8,0.2,0.7057356431425992,False,True,False,0.9450856592488662,0.8540365496967641,0.5668688454664719,0.8107230430474031,0.3333333333333333,1.0,103212.71428571429,0.7142857142857143,103212.71428571429,0.9630188679245283,0.639,0.776,0.041000000000000036,0.22599999999999998,0,0,0,0,0,0,0.6789712824181389,0.8,0.2,0.0,0.0,defaults,False
2448,Shake It,BIGBANG,179,0.6764203764001844,0.8388583991556109,0.02666828537847804,0.8,0.2,0.6647929461049276,True,False,False,0.9684391344622676,0.715366894368969,0.6771401110929927,0.7367366375211161,0.6,1.0,21530.0,1.0,21530.000000000004,0.9630188679245283,0.639,0.776,0.23099999999999998,0.134,0,0,0,0,0,0,0.6764203764001844,0.8,0.2,0.0,0.0,defaults,False
1030,HOWLING,XG,2041,0.6761408079103557,0.7822000455932823,0.2519038571786493,0.8,0.2,0.7287846148256792,True,True,False,0.9655436238440744,0.7885244988178253,0.5269038144083495,0.7659917582879401,0.3333333333333333,1.0,109180.5,0.4166666666666667,109180.5,0.9630188679245283,0.639,0.776,0.389,0.05600000000000005,0,0,0,0,0,0,0.6761408079103557,0.8,0.2,0.0,0.0,defaults,False
2692,Ex-Factor,Ms. Lauryn Hill,1329,0.6758395450613243,0.7814798863084773,0.2532781800727117,0.8,0.2,0.7206195474101947,False,True,False,0.9128523834575963,0.7885244988178253,0.6720666456255953,0.7659917582879401,0.3333333333333333,2.0,50290.6,0.7,100321.2,0.9630188679245283,0.639,0.776,0.031000000000000028,0.15600000000000003,0,0,0,0,0,0,0.6758395450613243,0.8,0.2,0.0,0.0,defaults,False
491,Where U At,KillaGramz,1042,0.6758080229031259,0.8410140201510852,0.014984033911288852,0.8,0.2,0.6749705798320257,True,False,False,0.9770149764088881,0.7448154581379083,0.6263457491906007,0.7555884832616567,0.6,1.0,12097.0,1.0,12097.0,0.9630188679245283,0.639,0.776,0.019000000000000017,0.02400000000000002,0,0,0,0,0,0,0.6758080229031259,0.8,0.2,0.0,0.0,defaults,False
937,In This B*tch,Jay Park,896,0.675590197116828,0.8437538420744024,0.00293561728653011,0.8,0.2,0.6660162743765058,False,True,False,0.9320518788536489,0.8124516747484067,0.683079767794883,0.800885732289965,0.6,1.0,2370.0,1.0,2370.0,0.9630188679245283,0.639,0.776,0.029000000000000026,0.15600000000000003,0,0,0,0,0,0,0.675590197116828,0.8,0.2,0.0,0.0,defaults,False
1987,"CHA CHA CYPHER (Feat. G2, GIRIBOY, VASCO, Dayday, Xitsuh & DJ Wegun)",Jay Park,896,0.6754887358556992,0.8437347786568641,0.0025045646510396154,0.8,0.2,0.6747090619325157,False,True,False,0.9494374539656688,0.8124516747484067,0.6344551387041899,0.800885732289965,0.6,1.0,2022.0,1.0,2022.0,0.9630188679245283,0.639,0.776,0.11099999999999999,0.026000000000000023,0,0,0,0,0,0,0.6754887358556992,0.8,0.2,0.0,0.0,defaults,False
2279,I Want You,Crush,433,0.6750564977544341,0.7779565845934597,0.26345615039833126,0.8,0.2,0.6921093452844643,False,True,False,0.8773848032612825,0.8503761326747827,0.6066476759018015,0.8254559245260098,0.6,1.0,127713.31578947368,0.47368421052631576,127713.31578947368,0.9630188679245283,0.639,0.776,0.359,0.05600000000000005,0,0,0,0,0,0,0.6750564977544341,0.8,0.2,0.0,0.0,defaults,False
922,IS THIS LOVE,XG,2041,0.6726707847418074,0.8107507127514855,0.12035107270309488,0.8,0.2,0.7022704432005992,True,True,False,0.9705814556111452,0.7885244988178253,0.5937911859941674,0.7659917582879401,0.3333333333333333,1.0,56796.25,0.75,56796.25,0.9630188679245283,0.639,0.776,0.179,0.06600000000000006,0,0,0,0,0,0,0.6726707847418074,0.8,0.2,0.0,0.0,defaults,False
2320,What Do You Want?,GD&TOP,685,0.6725795509477538,0.8388655241441394,0.0074356581622110505,0.8,0.2,0.6670548717141949,True,False,False,0.9729629856808022,0.715366894368969,0.6645219050771287,0.7367366375211161,0.6,1.0,6003.0,1.0,6003.0,0.9630188679245283,0.639,0.776,0.30099999999999993,0.14400000000000002,0,0,0,0,0,0,0.6725795509477538,0.8,0.2,0.0,0.0,defaults,False
4438,Down,Jay Sean,898,0.6721073303896008,0.8104668259837886,0.11866934801284945,0.8,0.2,0.7153438452301655,False,True,False,0.9390730705816253,0.8540365496967641,0.6063513655797257,0.8107230430474031,0.3333333333333333,2.0,10446.5,1.0,19698.0,0.9630188679245283,0.639,0.776,0.06099999999999994,0.09599999999999997,0,0,0,0,0,0,0.6721073303896008,0.8,0.2,0.0,0.0,defaults,False
432,Girls On the Dance Floor,Far East Movement,628,0.6701383120656674,0.7826350036600224,0.22015154568824719,0.8,0.2,0.6875800973503106,False,True,False,0.9558737471948962,0.7155506812212353,0.6224572053521855,0.7486759223619117,0.3333333333333333,1.0,123912.33333333333,0.6666666666666666,123912.33333333333,0.9630188679245283,0.639,0.776,0.14100000000000001,0.04600000000000004,0,0,0,0,0,0,0.6701383120656674,0.8,0.2,0.0,0.0,defaults,False
4276,Doo Wop (That Thing),Ms. Lauryn Hill,1329,0.6696432584010317,0.7783983107832322,0.2346230488722294,0.8,0.2,0.691044742157614,False,True,False,0.9166796847880979,0.7885244988178253,0.6526357201550381,0.7659917582879401,0.3333333333333333,2.0,74943.125,1.0,142426.25,0.9630188679245283,0.639,0.776,0.139,0.266,0,0,0,0,0,0,0.6696432584010317,0.8,0.2,0.0,0.0,defaults,False
5441,Can't Take My Eyes Off of You - (I Love You Baby),Ms. Lauryn Hill,1329,0.6679607320532744,0.7939370371235814,0.1640555117720462,0.8,0.2,0.6755836517098779,False,True,False,0.9037344157282888,0.7885244988178253,0.7328647631133571,0.7659917582879401,0.3333333333333333,1.0,67860.2,0.6,67860.2,0.9630188679245283,0.639,0.776,0.009000000000000008,0.11599999999999999,0,0,0,0,0,0,0.6679607320532744,0.8,0.2,0.0,0.0,defaults,False
545,Sara it né (Prod. GRAY),GRAY,694,0.6678601184969453,0.8293183887199405,0.022027037604964005,0.8,0.2,0.6712948744729269,True,False,False,0.9696635656906905,0.7448154581379083,0.6137180537745711,0.7555884832616567,0.6,1.0,17783.0,1.0,17783.0,0.9630188679245283,0.639,0.776,0.029000000000000026,0.10399999999999998,0,0,0,0,0,0,0.6678601184969453,0.8,0.2,0.0,0.0,defaults,False
2312,High High,GD&TOP,685,0.6668684753626868,0.8285901936996798,0.019981602014715046,0.8,0.2,0.6654228720214551,True,False,False,0.9696989862953227,0.715366894368969,0.6445026697842859,0.7367366375211161,0.6,1.0,16131.666666666666,1.0,16131.666666666666,0.9630188679245283,0.639,0.776,0.07899999999999996,0.08399999999999996,0,0,0,0,0,0,0.6668684753626868,0.8,0.2,0.0,0.0,defaults,False
941,"AWESOME (Feat. Jay Park, GRAY)",Loco,1157,0.6665988354973466,0.8327221150973054,0.002105717097511054,0.8,0.2,0.6718954504617267,True,False,False,0.9708647176682902,0.7448154581379083,0.6200143773772573,0.7555884832616567,0.6,1.0,1700.0,1.0,1700.0,0.9630188679245283,0.639,0.776,0.19099999999999995,0.09399999999999997,0,0,0,0,0,0,0.6665988354973466,0.8,0.2,0.0,0.0,defaults,False
520,REMEDY,CHANGMO,309,0.6664434235603663,0.816224406777807,0.06731949069060328,0.8,0.2,0.6821772724576367,True,False,False,0.9696535460286484,0.7448154581379083,0.5766151767029974,0.7555884832616567,0.6,1.0,34165.625,0.875,34165.625,0.9630188679245283,0.639,0.776,0.139,0.246,0,0,0,0,0,0,0.6664434235603663,0.8,0.2,0.0,0.0,defaults,False
668,AIYA,CHANGMO,309,0.6663777265761621,0.8285405014829825,0.01772662694888043,0.8,0.2,0.6693948619808202,True,False,False,0.9658635407064771,0.7448154581379083,0.6221284199762718,0.7555884832616567,0.6,1.0,14311.166666666666,1.0,14311.166666666666,0.9630188679245283,0.639,0.776,0.15900000000000003,0.04399999999999993,0,0,0,0,0,0,0.6663777265761621,0.8,0.2,0.0,0.0,defaults,False
1172,Hyperstar,CHANGMO,309,0.665484417461675,0.8271078011124138,0.018990882858719416,0.8,0.2,0.6738981445091132,True,False,False,0.9748701057630631,0.7448154581379083,0.59290378825202,0.7555884832616567,0.6,1.0,15331.833333333334,1.0,15331.833333333334,0.9630188679245283,0.639,0.776,0.09899999999999998,0.05600000000000005,0,0,0,0,0,0,0.665484417461675,0.8,0.2,0.0,0.0,defaults,False
2268,Hey Baby (Drop It to the Floor) (feat. T-Pain),Pitbull,1506,0.6642027595121784,0.8230426076232462,0.028843367067907088,0.8,0.2,0.6517211545902319,False,True,False,0.9201522871737757,0.7707250550167203,0.689469662955052,0.8045306598088986,0.6,1.0,23286.0,1.0,23286.0,0.9630188679245283,0.639,0.776,0.131,0.134,0,0,0,0,0,0,0.6642027595121784,0.8,0.2,0.0,0.0,defaults,False
6648,Dirty Diana,Michael Jackson,1287,0.6638704525134692,0.8297761327419096,0.0002477315997071974,0.8,0.2,0.6866969117739284,False,True,False,0.9662161755949805,0.8304441198821909,0.6076216672862168,0.803925077791155,0.3333333333333333,1.0,400.0,1.0,0.0,0.9630188679245283,0.639,0.776,0.269,0.006000000000000005,0,0,0,0,0,0,0.6638704525134692,0.8,0.2,0.0,0.0,defaults,False
292,Reddi Wip,Chris Brown,375,0.6634037793698176,0.7848198449190942,0.17773951717271164,0.8,0.2,0.6908605912614261,False,True,False,0.9551492499981081,0.7337643937687828,0.6427170051536453,0.693880912369482,0.3333333333333333,1.0,89672.0,0.6666666666666666,89672.0,0.9630188679245283,0.639,0.776,0.041000000000000036,0.126,0,0,0,0,0,0,0.6634037793698176,0.8,0.2,0.0,0.0,defaults,False
618,IS THIS LOVE,XG,2041,0.6630452926953148,0.8107507127514855,0.07222361247063153,0.8,0.2,0.6804956275691376,True,True,False,0.9705814556111452,0.7885244988178253,0.5937911859941674,0.7659917582879401,0.3333333333333333,1.0,58308.0,1.0,58307.99999999999,0.9630188679245283,0.639,0.776,0.179,0.06600000000000006,0,0,0,0,0,0,0.6630452926953148,0.8,0.2,0.0,0.0,defaults,False
1186,Straight Outta Compton,N.W.A.,1342,0.6626824581099732,0.7757019502603602,0.2106044895084252,0.8,0.2,0.6998426749777011,False,True,False,0.9615001824272122,0.7337643937687828,0.5991184282570623,0.693880912369482,0.3333333333333333,1.0,105440.4,0.6,105440.4,0.9630188679245283,0.639,0.776,0.269,0.16399999999999992,0,0,0,0,0,0,0.6626824581099732,0.8,0.2,0.0,0.0,defaults,False
2414,Put 'Em Up (feat. Pharrell),N.O.R.E.,1341,0.6624307711540552,0.8268617397439599,0.004706896794436454,0.8,0.2,0.6769632915467835,False,True,False,0.9635167835664368,0.7885244988178253,0.6592143240681763,0.7659917582879401,0.3333333333333333,1.0,3800.0,1.0,3800.0000000000005,0.9630188679245283,0.639,0.776,0.16100000000000003,0.08399999999999996,0,0,0,0,0,0,0.6624307711540552,0.8,0.2,0.0,0.0,defaults,False
1655,Big Poppa - 2007 Remaster,The Notorious B.I.G.,1895,0.6620768036339575,0.758919723207048,0.2747051253415949,0.8,0.2,0.7172465299161048,False,True,False,0.9213078923040197,0.7337643937687828,0.6638150600341555,0.693880912369482,0.3333333333333333,2.0,72827.3,0.8,144674.6,0.9630188679245283,0.639,0.776,0.16100000000000003,0.10599999999999998,0,0,0,0,0,0,0.6620768036339575,0.8,0.2,0.0,0.0,defaults,False
4443,Replay,Iyaz,836,0.6620356526556456,0.7210909151257853,0.4258146027750866,0.8,0.2,0.723537978433987,True,False,False,0.9547680960064454,0.6868753511267156,0.5071262039715341,0.6810835531994404,0.3333333333333333,1.0,182306.0,0.0,182305.99999999997,0.9630188679245283,0.639,0.776,0.439,0.026000000000000023,0,0,0,0,0,0,0.6620356526556456,0.8,0.2,0.0,0.0,defaults,False
322,진흙 속에서 피는 꽃 Flower from the Mud (feat. Kebee & MC Meta),The Quiett,1902,0.6617057017059204,0.7802952648208339,0.18734744924626603,0.8,0.2,0.6586442124892441,True,False,False,0.9673924731061192,0.6388514004998969,0.6094301604280231,0.6676135733072305,0.6,1.0,133309.88888888888,0.8888888888888888,133309.88888888888,0.9630188679245283,0.639,0.776,0.11099999999999999,0.09599999999999997,0,0,0,0,0,0,0.6617057017059204,0.8,0.2,0.0,0.0,defaults,False
2787,I Left My Wallet in El Segundo,A Tribe Called Quest,40,0.6610693041305552,0.7575198820341853,0.27526699251603426,0.8,0.2,0.7237212155881226,True,False,True,0.9700469381363399,0.6123830336268692,0.6625162239929381,0.6099725364065482,0.3333333333333333,1.0,60765.0,0.0,60765.0,0.9630188679245283,0.639,0.776,0.241,0.05399999999999994,0,0,0,0,0,0,0.6610693041305552,0.8,0.2,0.0,0.0,defaults,False
2803,You Can't Save Me,SiR,1725,0.6605355958471888,0.7201070806946666,0.4222496564572778,0.8,0.2,0.7852006052855971,False,False,True,0.9277165139365753,0.6599088921001004,0.6208410447829527,0.6417667788796512,0.3333333333333333,2.0,138148.75,0.25,139974.50243261145,0.9630188679245283,0.639,0.776,0.08899999999999997,0.19600000000000006,0,0,0,0,0,0,0.6605355958471888,0.8,0.2,0.0,0.0,defaults,False
1964,REASONS,Loopy,1160,0.6592455501480811,0.8240569376351012,2.000000165480742e-10,0.8,0.2,0.6644209139918539,True,False,False,0.9676950702361202,0.715366894368969,0.637246020626089,0.7367366375211161,0.6,1.0,0.0,1.0,0.0,0.9630188679245283,0.639,0.776,0.009000000000000008,0.016000000000000014,0,0,0,0,0,0,0.6592455501480811,0.8,0.2,0.0,0.0,defaults,False
2313,Oh Yeah (Feat. Park Bom),GD&TOP,685,0.6588916523383456,0.810243882402236,0.0534827320827833,0.8,0.2,0.666050706408577,True,False,False,0.9709546550695665,0.715366894368969,0.5889696667739355,0.7367366375211161,0.6,1.0,43178.0,1.0,43178.0,0.9630188679245283,0.639,0.776,0.049000000000000044,0.014000000000000012,0,0,0,0,0,0,0.6588916523383456,0.8,0.2,0.0,0.0,defaults,False
934,1999 (feat. GRAY),g2,2129,0.658554064426367,0.8206781067759308,0.01005789502811156,0.8,0.2,0.6642317479909163,True,False,False,0.9673167382342451,0.715366894368969,0.6287215584200859,0.7367366375211161,0.6,1.0,8120.0,1.0,8120.0,0.9630188679245283,0.639,0.776,0.16100000000000003,0.10399999999999998,0,0,0,0,0,0,0.658554064426367,0.8,0.2,0.0,0.0,defaults,False
2711,gin and wine (ginuwine),tg.blk,2194,0.6581444495909037,0.7140816080717756,0.43439581566741614,0.8,0.2,0.8016381099958696,False,False,True,0.9106566527942455,0.6627783035612911,0.5592323764647266,0.6709761109569915,0.6,2.0,120262.95238095238,0.07142857142857142,119805.97751315059,0.9630188679245283,0.639,0.776,0.189,0.316,0,0,0,0,0,0,0.6581444495909037,0.8,0.2,0.0,0.0,defaults,False
2685,Like You Love (feat. Oblé Reed),Ava La'Rae,161,0.6578104894130344,0.7506878951291616,0.2863008665485254,0.8,0.2,0.7021105071293453,False,True,False,0.9103924062673951,0.7846677206629762,0.6061150693868185,0.7426584673663444,0.3333333333333333,1.0,123494.66666666667,0.3333333333333333,123494.66666666667,0.9630188679245283,0.639,0.776,0.20900000000000002,0.136,0,0,0,0,0,0,0.6578104894130344,0.8,0.2,0.0,0.0,defaults,False
354,Meet Me When This Rain Stops (Feat. Hoody),sogumm,2182,0.6574729500521921,0.761165388668409,0.2427031955873245,0.8,0.2,0.7066683524583038,True,False,False,0.9723034133505499,0.6973350726005285,0.6428891525143001,0.6287403642453915,0.14285714285714285,1.0,115208.0,0.5,115208.00000000001,0.9630188679245283,0.639,0.776,0.07099999999999995,0.08399999999999996,0,0,0,0,0,0,0.6574729500521921,0.8,0.2,0.0,0.0,defaults,False
1913,Cứ Chill Thôi,Chillies,371,0.6573558378417643,0.6880854499010318,0.5344373896046942,0.8,0.2,0.7221732538621604,True,False,True,0.9718686570133312,0.5581983141482422,0.5924983624336888,0.5397611348367038,0.14285714285714285,1.0,270000.0,0.0,270000.0,0.9630188679245283,0.639,0.776,0.029000000000000026,0.16600000000000004,0,0,0,0,0,0,0.6573558378417643,0.8,0.2,0.0,0.0,defaults,False
3790,I've Been Thinking,Handsome Boy Modeling School,763,0.6564342954051168,0.7016599252246241,0.4755317761270874,0.8,0.2,0.6709825570916521,False,True,False,0.9297341154245888,0.6054812962120516,0.604826364162977,0.645797334276119,0.3333333333333333,1.0,249354.83333333334,0.16666666666666666,249354.83333333337,0.9630188679245283,0.639,0.776,0.20900000000000002,0.29600000000000004,0,0,0,0,0,0,0.6564342954051168,0.8,0.2,0.0,0.0,defaults,False
2407,It Wasn't Us (feat. I-20),Ludacris,1174,0.6556034693168755,0.8178569227880417,0.006589655432211028,0.8,0.2,0.6775563804357246,False,True,False,0.9647029613443191,0.7885244988178253,0.6303653243496692,0.7659917582879401,0.3333333333333333,1.0,5320.0,1.0,5320.0,0.9630188679245283,0.639,0.776,0.02100000000000002,0.16600000000000004,0,0,0,0,0,0,0.6556034693168755,0.8,0.2,0.0,0.0,defaults,False
1269,Weekend,DJ Wegun,461,0.6553396741431669,0.8123732431740915,0.02720539801946817,0.8,0.2,0.6540990751791675,True,False,False,0.964278456830257,0.6722992338201954,0.6710900996337607,0.6902162513718699,0.6,1.0,21963.625,1.0,21963.625,0.9630188679245283,0.639,0.776,0.30099999999999993,0.016000000000000014,0,0,0,0,0,0,0.6553396741431669,0.8,0.2,0.0,0.0,defaults,False
2697,Alright,Kendrick Lamar,1023,0.6552342779426592,0.801557552301325,0.06994118050799604,0.8,0.2,0.6575505324522845,True,False,False,0.9711813713764907,0.6722992338201954,0.6211349597144857,0.6902162513718699,0.6,1.0,56465.333333333336,1.0,56465.333333333336,0.9630188679245283,0.639,0.776,0.07899999999999996,0.006000000000000005,0,0,0,0,0,0,0.6552342779426592,0.8,0.2,0.0,0.0,defaults,False
327,뛰어가 Run (feat. Tiger JK & Jinbo),The Quiett,1902,0.6550027146704283,0.7972562946356114,0.08598839480969486,0.8,0.2,0.6505889677147819,True,False,False,0.9706373752296051,0.6388514004998969,0.6484615211326883,0.6676135733072305,0.6,1.0,69420.66666666667,1.0,69420.66666666667,0.9630188679245283,0.639,0.776,0.14100000000000001,0.11399999999999999,0,0,0,0,0,0,0.6550027146704283,0.8,0.2,0.0,0.0,defaults,False
1088,Safe + Sound,DJ Quik,459,0.6548461159370618,0.7485069931150147,0.2802026072252501,0.8,0.2,0.6866149572725558,True,False,False,0.9661774385685177,0.6123830336268692,0.6477685225566293,0.6099725364065482,0.3333333333333333,1.0,145482.25,0.5,145482.25,0.9630188679245283,0.639,0.776,0.131,0.05399999999999994,0,0,0,0,0,0,0.6548461159370618,0.8,0.2,0.0,0.0,defaults,False
5548,sugarhoneyiceicetea,SEB,1633,0.6539720038102442,0.7156312350093228,0.40733507901392946,0.8,0.2,0.7064299414766424,True,False,False,0.9720228368831456,0.5581983141482422,0.6701797654511784,0.5397611348367038,0.14285714285714285,1.0,167387.0,0.0,167387.0,0.9630188679245283,0.639,0.776,0.21099999999999997,0.04600000000000004,0,0,0,0,0,0,0.6539720038102442,0.8,0.2,0.0,0.0,defaults,False
2795,Jammin,RUBII,1558,0.6535395102937652,0.7165046975904981,0.40167876110683376,0.8,0.2,0.7708334475393785,False,True,False,0.9030564460024408,0.6690453628277383,0.677715892806809,0.6303574846282711,0.3333333333333333,2.0,124862.5,0.26666666666666666,125428.08844117736,0.9630188679245283,0.639,0.776,0.15100000000000002,0.396,0,0,0,0,0,0,0.6535395102937652,0.8,0.2,0.0,0.0,defaults,False
2417,Popular Thug (feat. Nas),Kelis,1019,0.6534986256039385,0.8144733840202597,0.009599591938653276,0.8,0.2,0.6779239515568064,False,True,False,0.9654381035864826,0.7885244988178253,0.6187167674935967,0.7659917582879401,0.3333333333333333,1.0,7750.0,1.0,7750.0,0.9630188679245283,0.639,0.776,0.08099999999999996,0.016000000000000014,0,0,0,0,0,0,0.6534986256039385,0.8,0.2,0.0,0.0,defaults,False
1910,BBIBBI,IU,814,0.6532592521275011,0.733649338952006,0.3316989048294815,0.8,0.2,0.7145001332455523,True,False,False,0.9695550877432884,0.6344907123976166,0.6412126568239298,0.5918719880315229,0.14285714285714285,1.0,146690.25,0.25,146690.25,0.9630188679245283,0.639,0.776,0.18099999999999994,0.15600000000000003,0,0,0,0,0,0,0.6532592521275011,0.8,0.2,0.0,0.0,defaults,False
2572,AVE!,Oblé Reed,1414,0.6523210987971015,0.7106539728180884,0.4189896027131538,0.8,0.2,0.709611977673705,True,False,True,0.9765738732051594,0.5255195063827325,0.6105295706234024,0.5503497313469207,0.3333333333333333,1.0,176796.0,0.0,176796.0,0.9630188679245283,0.639,0.776,0.031000000000000028,0.18600000000000005,0,0,0,0,0,0,0.6523210987971015,0.8,0.2,0.0,0.0,defaults,False
1736,The Nigga Ya Love To Hate,Ice Cube,817,0.6521640175651939,0.7053778889272082,0.4393085321171368,0.8,0.2,0.7028337918745861,False,False,True,0.9115158452467319,0.6123830336268692,0.6781760818890996,0.6099725364065482,0.3333333333333333,1.0,193200.0,0.0,193200.0,0.9630188679245283,0.639,0.776,0.049000000000000044,0.05600000000000005,0,0,0,0,0,0,0.6521640175651939,0.8,0.2,0.0,0.0,defaults,False
2319,Of All Days,GD&TOP,685,0.6517510088446811,0.8134730191617883,0.004862967576251977,0.8,0.2,0.6688058187928939,True,False,False,0.9764648798382003,0.715366894368969,0.582732525116908,0.7367366375211161,0.6,1.0,3926.0,1.0,3926.0,0.9630188679245283,0.639,0.776,0.189,0.006000000000000005,0,0,0,0,0,0,0.6517510088446811,0.8,0.2,0.0,0.0,defaults,False
6843,La La La,Naughty Boy,1360,0.6515272772717262,0.8058824914259862,0.034106420654686144,0.8,0.2,0.6671198426849937,False,True,False,0.9319886612097927,0.818127560400487,0.6385206574626336,0.8180729519184635,0.3333333333333333,1.0,55070.0,1.0,0.0,0.9630188679245283,0.639,0.776,0.379,0.126,0,0,0,0,0,0,0.6515272772717262,0.8,0.2,0.0,0.0,defaults,False
2416,Pop Sh*t (feat. Pharrell),Ol' Dirty Bastard,1424,0.6515009143141889,0.8135090829437609,0.0034682397959005487,0.8,0.2,0.6774633724886675,True,True,False,0.964516945450205,0.7885244988178253,0.6185557448527139,0.7659917582879401,0.3333333333333333,1.0,2800.0,1.0,2800.0,0.9630188679245283,0.639,0.776,0.050999999999999934,0.08600000000000008,0,0,0,0,0,0,0.6515009143141889,0.8,0.2,0.0,0.0,defaults,False
6520,Big Girls Don't Cry (Personal),Fergie,635,0.6510723300732829,0.8084599962042132,0.021521665549561357,0.8,0.2,0.6915048507192659,False,True,False,0.9663950815598263,0.8540365496967641,0.52433028665687,0.8107230430474031,0.3333333333333333,1.0,34750.0,1.0,0.0,0.9630188679245283,0.639,0.776,0.389,0.136,0,0,0,0,0,0,0.6510723300732829,0.8,0.2,0.0,0.0,defaults,False
4189,Body (feat. Cash Cobain),A Boogie Wit da Hoodie,38,0.6506276867931424,0.7038290725617046,0.43782214371889366,0.8,0.2,0.6990025152906445,True,False,False,0.9702395076173538,0.5255195063827325,0.6088725584504278,0.5503497313469207,0.3333333333333333,1.0,192000.0,0.0,192000.0,0.9630188679245283,0.639,0.776,0.06900000000000006,0.22599999999999998,0,0,0,0,0,0,0.6506276867931424,0.8,0.2,0.0,0.0,defaults,False
1341,On Sight,Free Nationals,665,0.6506062027502504,0.703963891831282,0.43717544642612355,0.8,0.2,0.761323901173028,False,False,True,0.889521202608572,0.6690453628277383,0.6799674668767979,0.6303574846282711,0.3333333333333333,2.0,166658.66666666666,0.3333333333333333,162475.40903047752,0.9630188679245283,0.639,0.776,0.07099999999999995,0.11599999999999999,0,0,0,0,0,0,0.6506062027502504,0.8,0.2,0.0,0.0,defaults,False
64,Ring Ring Ring,"Tyler, The Creator",1970,0.6504795397499633,0.7014080602495126,0.44676545775176585,0.8,0.2,0.8396343600122639,False,False,True,0.9649008726936369,0.5255195063827325,0.616921939559002,0.5503497313469207,0.3333333333333333,3.0,87924.0,0.4444444444444444,131110.5623990762,0.9630188679245283,0.639,0.776,0.050999999999999934,0.05600000000000005,0,0,0,0,0,0,0.6504795397499633,0.8,0.2,0.0,0.0,defaults,False
6445,Temperature,Sean Paul,1695,0.6491886166767707,0.8113812591117119,0.0004180469370058843,0.8,0.2,0.6489161630826282,False,True,False,0.8812177062865508,0.8540365496967641,0.7705766018713929,0.8107230430474031,0.3333333333333333,1.0,675.0,1.0,0.0,0.9630188679245283,0.639,0.776,0.18099999999999994,0.17600000000000005,0,0,0,0,0,0,0.6491886166767707,0.8,0.2,0.0,0.0,defaults,False
2836,Play Too Much,Kyle Dion,1072,0.6487155730749556,0.6998584040838393,0.4441442490394209,0.8,0.2,0.7030054599476206,False,False,True,0.9104549378648064,0.6577842561031931,0.6638447987950048,0.6489991875669892,0.14285714285714285,1.0,197104.0,0.0,197104.0,0.9630188679245283,0.639,0.776,0.261,0.326,0,0,0,0,0,0,0.6487155730749556,0.8,0.2,0.0,0.0,defaults,False
6565,London Bridge,Fergie,635,0.6486106203994404,0.810713729169359,0.00019818531976576126,0.8,0.2,0.6770089258556452,False,True,False,0.9374032318325848,0.8540365496967641,0.6117165894511328,0.8107230430474031,0.3333333333333333,1.0,320.0,1.0,0.0,0.9630188679245283,0.639,0.776,0.01100000000000001,0.16600000000000004,0,0,0,0,0,0,0.6486106203994404,0.8,0.2,0.0,0.0,defaults,False
1908,Beg,Leon Thomas,1121,0.6485509188069911,0.7717809664072778,0.15563072840584427,0.8,0.2,0.7014483374381142,True,False,False,0.9797510439656308,0.7251986397334166,0.6344788663216341,0.6189680715281036,0.14285714285714285,1.0,71823.0,0.6666666666666666,71823.0,0.9630188679245283,0.639,0.776,0.09099999999999997,0.10599999999999998,0,0,0,0,0,0,0.6485509188069911,0.8,0.2,0.0,0.0,defaults,False
6589,Put Your Records On,Corinne Bailey Rae,417,0.648526597881429,0.8105947661306111,0.00025392488469987693,0.8,0.2,0.689092838077244,False,True,False,0.9615710562757824,0.8540365496967641,0.5438609121169594,0.8107230430474031,0.3333333333333333,1.0,410.0,1.0,0.0,0.9630188679245283,0.639,0.776,0.09899999999999998,0.266,0,0,0,0,0,0,0.648526597881429,0.8,0.2,0.0,0.0,defaults,False
2455,2 On (feat. ScHoolboy Q),Tinashe,1928,0.6484970626702565,0.8008309833713927,0.03916137986571117,0.8,0.2,0.6660239314469291,False,True,False,0.9416380633667282,0.7885244988178253,0.6465215785000741,0.7659917582879401,0.3333333333333333,1.0,31616.0,1.0,31616.0,0.9630188679245283,0.639,0.776,0.249,0.17600000000000005,0,0,0,0,0,0,0.6484970626702565,0.8,0.2,0.0,0.0,defaults,False
1733,Growing Up (Feat. ELO),Loco,1157,0.6484548102471842,0.7978494665909308,0.05087618487219757,0.8,0.2,0.6658091952517441,True,False,False,0.9704716327559006,0.715366894368969,0.5551720043432933,0.7367366375211161,0.6,1.0,41073.666666666664,1.0,41073.666666666664,0.9630188679245283,0.639,0.776,0.06900000000000006,0.17600000000000005,0,0,0,0,0,0,0.6484548102471842,0.8,0.2,0.0,0.0,defaults,False
1992,ATAP (After The After Party),BM,184,0.6484235914895504,0.809829028779266,0.002801842330688232,0.8,0.2,0.6657238242047632,True,False,False,0.9703008906619388,0.715366894368969,0.5896196979973864,0.7367366375211161,0.6,1.0,2262.0,1.0,2262.0,0.9630188679245283,0.639,0.776,0.14900000000000002,0.04600000000000004,0,0,0,0,0,0,0.6484235914895504,0.8,0.2,0.0,0.0,defaults,False
4021,Soulmate,Mac Miller,1214,0.6467380650367713,0.7214139410190711,0.3480345611075726,0.8,0.2,0.6797312315125585,False,True,False,0.9196778453121828,0.7337643937687828,0.5620130634825999,0.693880912369482,0.3333333333333333,1.0,200244.75,0.5,200244.75,0.9630188679245283,0.639,0.776,0.07899999999999996,0.246,0,0,0,0,0,0,0.6467380650367713,0.8,0.2,0.0,0.0,defaults,False
2409,If,Nelly,1366,0.6464640866172606,0.8060208409615097,0.00823706924026378,0.8,0.2,0.6573577480460062,True,False,False,0.9707958025639343,0.6722992338201954,0.6348687720368621,0.6902162513718699,0.6,1.0,6650.0,1.0,6650.0,0.9630188679245283,0.639,0.776,0.22099999999999997,0.11599999999999999,0,0,0,0,0,0,0.6464640866172606,0.8,0.2,0.0,0.0,defaults,False
5651,I Gotta Find Peace of Mind - Live,Ms. Lauryn Hill,1329,0.6463826234519914,0.7502181551020117,0.23104049685190958,0.8,0.2,0.6600622019117593,False,True,False,0.9297146042963886,0.7885244988178253,0.5363086614913779,0.7659917582879401,0.3333333333333333,1.0,186525.0,1.0,186525.0,0.9630188679245283,0.639,0.776,0.02100000000000002,0.266,0,0,0,0,0,0,0.6463826234519914,0.8,0.2,0.0,0.0,defaults,False
2573,COLE PIMP (with Ty Dolla $ign & Juicy J),Denzel Curry,501,0.64633289911055,0.6901575604330282,0.47103425382063685,0.8,0.2,0.6857660409712195,False,False,True,0.9288819998001885,0.5255195063827325,0.6856456088923418,0.5503497313469207,0.3333333333333333,1.0,218813.0,0.0,218813.0,0.9630188679245283,0.639,0.776,0.121,0.04399999999999993,0,0,0,0,0,0,0.64633289911055,0.8,0.2,0.0,0.0,defaults,False
2413,Loser (feat. Clipse),N.E.R.D,1340,0.645750579372129,0.8067361143606956,0.001808439417862437,0.8,0.2,0.6569964348353047,False,True,False,0.9235830701434793,0.7885244988178253,0.7137076206093733,0.7659917582879401,0.3333333333333333,1.0,1460.0,1.0,1460.0,0.9630188679245283,0.639,0.776,0.251,0.10399999999999998,0,0,0,0,0,0,0.645750579372129,0.8,0.2,0.0,0.0,defaults,False
2311,Intro,GD&TOP,685,0.6450695123685196,0.8009056891363191,0.021724805297321244,0.8,0.2,0.6571385681316643,True,False,False,0.9531303785157409,0.715366894368969,0.6122853465006219,0.7367366375211161,0.6,1.0,17539.0,1.0,17539.0,0.9630188679245283,0.639,0.776,0.029000000000000026,0.20399999999999996,0,0,0,0,0,0,0.6450695123685196,0.8,0.2,0.0,0.0,defaults,False
2405,Light Your Ass On Fire (feat. Pharrell) - Club Mix,Busta Rhymes,304,0.6447824146419926,0.8048198739588596,0.004632577374524299,0.8,0.2,0.654000142550352,False,True,False,0.917590485573574,0.7885244988178253,0.7250153511623321,0.7659917582879401,0.3333333333333333,1.0,3740.0,1.0,3740.0,0.9630188679245283,0.639,0.776,0.07099999999999995,0.06600000000000006,0,0,0,0,0,0,0.6447824146419926,0.8,0.2,0.0,0.0,defaults,False
1091,Babay,Zion.T,2096,0.644516467299326,0.7799451092569816,0.10280189946870338,0.8,0.2,0.6648135448580202,True,False,False,0.9775843203713439,0.6256074906495525,0.6175411607277574,0.6124812155735306,0.6,1.0,58153.846153846156,0.8461538461538461,58153.846153846156,0.9630188679245283,0.639,0.776,0.07099999999999995,0.09599999999999997,0,0,0,0,0,0,0.644516467299326,0.8,0.2,0.0,0.0,defaults,False
780,Heart Don't Stand a Chance,Anderson .Paak,121,0.6444478268491306,0.7075468783903646,0.39205162068419436,0.8,0.2,0.7032255780245029,True,False,False,0.9709448785979777,0.6109348185414161,0.5473863918464373,0.5527390906287732,0.3333333333333333,1.0,208870.0,0.3333333333333333,208870.0,0.9630188679245283,0.639,0.776,0.129,0.22599999999999998,0,0,0,0,0,0,0.6444478268491306,0.8,0.2,0.0,0.0,defaults,False
2847,Can't Wake Up,Ahmad Anonimis,86,0.644368917972932,0.7296664540634514,0.30317877361085416,0.8,0.2,0.7486369433464335,False,False,True,0.9209119135756313,0.6722992338201954,0.5577111184679511,0.6902162513718699,0.6,2.0,81552.66666666667,0.5,85045.1465554684,0.9630188679245283,0.639,0.776,0.389,0.34600000000000003,0,0,0,0,0,0,0.644368917972932,0.8,0.2,0.0,0.0,defaults,False
2522,everything about her,Amie Blu,117,0.6443561899397844,0.7024821221528329,0.4118524610875899,0.8,0.2,0.7094298216357087,True,False,True,0.9631380380229628,0.5581983141482422,0.6577142729908756,0.5397611348367038,0.14285714285714285,1.0,171034.0,0.0,171034.0,0.9630188679245283,0.639,0.776,0.30099999999999993,0.07600000000000007,0,0,0,0,0,0,0.6443561899397844,0.8,0.2,0.0,0.0,defaults,False
234,Yellow Tape,Chris Brown,375,0.6442320758124136,0.7545495503719031,0.2029621775744555,0.8,0.2,0.6705462299456536,False,True,False,0.9228156952261676,0.7337643937687828,0.6472100811177228,0.693880912369482,0.3333333333333333,1.0,117723.72857142857,0.7142857142857143,117723.72857142857,0.9630188679245283,0.639,0.776,0.259,0.22599999999999998,0,0,0,0,0,0,0.6442320758124136,0.8,0.2,0.0,0.0,defaults,False
1665,Fuck You,CeeLo Green,342,0.6441275311105098,0.8018998879464899,0.013038103766588946,0.8,0.2,0.6594954898406141,False,True,False,0.9379634678878794,0.7650687794833724,0.6804328634716706,0.7625153474164186,0.3333333333333333,1.0,10526.0,1.0,10526.0,0.9630188679245283,0.639,0.776,0.10099999999999998,0.05399999999999994,0,0,0,0,0,0,0.6441275311105098,0.8,0.2,0.0,0.0,defaults,False
122,All Day,Dok2,520,0.6439247101431976,0.7605512114264743,0.17741870501009083,0.8,0.2,0.6804471315768927,True,False,False,0.9638645312965144,0.6599088921001004,0.6345415502436962,0.6417667788796512,0.3333333333333333,1.0,89413.0,0.6666666666666666,89412.99999999999,0.9630188679245283,0.639,0.776,0.22099999999999997,0.15600000000000003,0,0,0,0,0,0,0.6439247101431976,0.8,0.2,0.0,0.0,defaults,False
517,SEE YOU,Loco,1157,0.642393526576172,0.7834701660339196,0.07808696874518112,0.8,0.2,0.6810166063968105,True,False,False,0.9660467500356948,0.715366894368969,0.5267582504916131,0.7367366375211161,0.6,1.0,30748.6,0.8,30748.599999999995,0.9630188679245283,0.639,0.776,0.309,0.07600000000000007,0,0,0,0,0,0,0.642393526576172,0.8,0.2,0.0,0.0,defaults,False
6092,Where Is The Love?,Black Eyed Peas,249,0.6423626399545939,0.8016945147184802,0.005035140899048468,0.8,0.2,0.665842462300762,False,True,False,0.9662709112072094,0.7260350334857866,0.6468196066215698,0.7326496742731049,0.3333333333333333,1.0,8130.0,1.0,0.0,0.9630188679245283,0.639,0.776,0.16100000000000003,0.07600000000000007,0,0,0,0,0,0,0.6423626399545939,0.8,0.2,0.0,0.0,defaults,False
2832,HOP OUT CHO FEELINS,Kal Banx,999,0.6411887343282863,0.7000994487014777,0.40554587683552046,0.8,0.2,0.7254764609528448,False,False,True,0.9333028397634391,0.5255195063827325,0.7014873973805521,0.5503497313469207,0.3333333333333333,2.0,164367.0,0.5,167518.06117804933,0.9630188679245283,0.639,0.776,0.129,0.09399999999999997,0,0,0,0,0,0,0.6411887343282863,0.8,0.2,0.0,0.0,defaults,False
310,Use Your Heart,SWV,1658,0.6410731550059623,0.7313017076159399,0.2801589445660517,0.8,0.2,0.6990957058960797,False,True,False,0.9513177707093337,0.7119359463924486,0.5084354493573331,0.716079588378495,0.3333333333333333,1.0,145447.0,0.5,145447.0,0.9630188679245283,0.639,0.776,0.039000000000000035,0.29600000000000004,0,0,0,0,0,0,0.6410731550059623,0.8,0.2,0.0,0.0,defaults,False
5848,Sunroof,Nicky Youre,1380,0.6409682833334109,0.7007270302059351,0.40193329584331433,0.8,0.2,0.7064027140505864,True,False,False,0.9719683820310336,0.5581983141482422,0.6280677426602318,0.5397611348367038,0.14285714285714285,1.0,163026.0,0.0,163026.0,0.9630188679245283,0.639,0.776,0.20099999999999996,0.05600000000000005,0,0,0,0,0,0,0.6409682833334109,0.8,0.2,0.0,0.0,defaults,False
2830,Jorja,Benji.,221,0.6394114691001185,0.67770619257698,0.4862325751926724,0.8,0.2,0.7000794354781792,True,False,True,0.9575087888141077,0.5255195063827325,0.5703615470872139,0.5503497313469207,0.3333333333333333,1.0,231083.0,0.0,231082.99999999997,0.9630188679245283,0.639,0.776,0.14900000000000002,0.34600000000000003,0,0,0,0,0,0,0.6394114691001185,0.8,0.2,0.0,0.0,defaults,False
1897,My Friend,CHUNG HA,310,0.6392893496148901,0.7479894947193642,0.20448876919699402,0.8,0.2,0.7006426935090834,True,False,False,0.970844470271767,0.6708541355513835,0.6508046663164938,0.5880615943464398,0.14285714285714285,1.0,84356.5,0.5,84356.5,0.9630188679245283,0.639,0.776,0.20099999999999996,0.15600000000000003,0,0,0,0,0,0,0.6392893496148901,0.8,0.2,0.0,0.0,defaults,False
3951,Butterfly Boy,Balu Brigada,204,0.6390549720879882,0.702620287609667,0.38479371000127327,0.8,0.2,0.6779128019799643,True,False,False,0.9625077980267369,0.5581983141482422,0.6598667907876936,0.5397611348367038,0.14285714285714285,1.0,203010.5,0.3333333333333333,203010.5,0.9630188679245283,0.639,0.776,0.19099999999999995,0.07600000000000007,0,0,0,0,0,0,0.6390549720879882,0.8,0.2,0.0,0.0,defaults,False
1734,My Heart Belongs To U,Jodeci,930,0.638987053206076,0.6957754081180062,0.41183363355835484,0.8,0.2,0.6975821191792366,False,True,False,0.9442490493498885,0.6287191777862964,0.6430792786671173,0.6053953219042219,0.0,1.0,217151.7142857143,0.2857142857142857,217151.7142857143,0.9630188679245283,0.639,0.776,0.20900000000000002,0.266,0,0,0,0,0,0,0.638987053206076,0.8,0.2,0.0,0.0,defaults,False
6090,The Way I Are,Timbaland,1925,0.6387400883236914,0.7942609003576614,0.016656840187811592,0.8,0.2,0.6672832024720982,False,True,False,0.92738875699132,0.8304441198821909,0.6153836571818744,0.803925077791155,0.3333333333333333,1.0,26895.0,1.0,0.0,0.9630188679245283,0.639,0.776,0.11099999999999999,0.02400000000000002,0,0,0,0,0,0,0.6387400883236914,0.8,0.2,0.0,0.0,defaults,False
5055,I Wanna Help Your Mind,Goth Babe,730,0.6383325661618944,0.6946726559488013,0.41297220701426635,0.8,0.2,0.6946040681657497,True,False,False,0.9676735896803175,0.5099420656008491,0.6417983355543289,0.5808020415164342,0.14285714285714285,1.0,171938.0,0.0,171938.0,0.9630188679245283,0.639,0.776,0.16100000000000003,0.04600000000000004,0,0,0,0,0,0,0.6383325661618944,0.8,0.2,0.0,0.0,defaults,False
902,たぶん,YOASOBI,2051,0.6378662146096427,0.7337156234900739,0.25446857908791776,0.8,0.2,0.6949604527150679,True,False,False,0.9680348018385776,0.6494671026642793,0.6304897870804642,0.5981830808939709,0.14285714285714285,1.0,124706.5,0.5,124706.5,0.9630188679245283,0.639,0.776,0.09099999999999997,0.10599999999999998,0,0,0,0,0,0,0.6378662146096427,0.8,0.2,0.0,0.0,defaults,False
5604,City Of Stars,Logic,1159,0.6376816579282861,0.7433629384788775,0.21495653572592086,0.8,0.2,0.6477415438422266,False,True,False,0.9269773301769402,0.7337643937687828,0.6038615029326284,0.693880912369482,0.3333333333333333,1.0,173540.0,1.0,173540.0,0.9630188679245283,0.639,0.776,0.029000000000000026,0.09399999999999997,0,0,0,0,0,0,0.6376816579282861,0.8,0.2,0.0,0.0,defaults,False
177,Move On,Terrace Martin,1855,0.6374773980601378,0.6596415789072488,0.548820674671693,0.8,0.2,0.6982883588105755,False,False,True,0.9371703900163653,0.5255195063827325,0.5759553141555085,0.5503497313469207,0.3333333333333333,1.0,281612.0,0.0,281612.0,0.9630188679245283,0.639,0.776,0.10899999999999999,0.136,0,0,0,0,0,0,0.6374773980601378,0.8,0.2,0.0,0.0,defaults,False
