track_id,track_name,artist_name,artist_id,hybrid_score,s_content,s_collab,w_content,w_collab,pre_score,from_content,from_tag,from_neighbor,long_term_sim,tag_cosine,mood_sim,cluster_tag_sim,tag_jaccard,group_listener_count,group_avg_ms,group_skip_rate,weighted_nbr_avg_ms,recent_skip_pct,recent_avg_valence,recent_avg_energy,valence_delta,energy_delta,tod_morning,tod_afternoon,tod_evening,tod_night,platform_mobile,platform_desktop,map_score,map_w_content,map_w_collab,ap_before,ap_after,map_tier,map_improved
2560,Add Up My Love,Clairo,389,0.6449128805180191,0.6660689415512865,0.5602886363849497,0.8,0.2,0.7379333299536612,True,False,True,0.9479252704323448,0.5154685249837049,0.5670787450468134,0.6307273303862774,0.14285714285714285,2.0,205264.0,0.0,205264.0,0.7675,0.434,0.5920000000000001,0.336,0.027999999999999914,0,0,0,0,0,0,0.6131787889681182,0.5,0.5,0.026419269492128354,0.03519468720822787,primary,True
2519,Juna,Clairo,389,0.6598585274421367,0.6956618555679066,0.5166452149390574,0.8,0.2,0.7460337817995735,True,False,False,0.9641261741241693,0.5154685249837049,0.5970365628744803,0.6307273303862774,0.14285714285714285,2.0,173599.27777777778,0.1111111111111111,195110.0,0.7675,0.434,0.5920000000000001,0.016000000000000014,0.11799999999999988,0,0,0,0,0,0,0.6061535352534819,0.5,0.5,0.026419269492128354,0.03519468720822787,primary,True
2533,Terrapin,Clairo,389,0.6249883159771856,0.6474603448299414,0.5351002005661624,0.8,0.2,0.7382836489780291,True,False,False,0.9486259084810805,0.5154685249837049,0.5147615679100842,0.6307273303862774,0.14285714285714285,2.0,181064.8333333333,0.0,180290.0,0.7675,0.434,0.5920000000000001,0.035999999999999976,0.15200000000000008,0,0,0,0,0,0,0.591280272698052,0.5,0.5,0.026419269492128354,0.03519468720822787,primary,True
4195,I'm Not In Love,10cc,5,0.6909948542377822,0.7667916998648516,0.3878074717295044,0.8,0.2,0.6796856637200045,True,True,False,0.9268944341345611,0.8936922332636201,0.4647020191520789,0.6977386540671887,0.6,1.0,366640.0,0.0,0.0,0.7675,0.434,0.5920000000000001,0.274,0.07200000000000006,0,0,0,0,0,0,0.577299585797178,0.5,0.5,0.026419269492128354,0.03519468720822787,primary,True
2523,Out of Me Head,Steve Lacy,1782,0.6224041772945792,0.6543782539253791,0.49450787077137925,0.8,0.2,0.732767967435319,False,False,True,0.9190275888285857,0.5618859164013915,0.5219619415645983,0.7808252893174736,0.14285714285714285,2.0,141055.0,0.0,141055.0,0.7675,0.434,0.5920000000000001,0.546,0.20200000000000007,0,0,0,0,0,0,0.5744430623483792,0.5,0.5,0.026419269492128354,0.03519468720822787,primary,True
3222,Lights,Eggshells,569,0.6605758253534273,0.7180439247664092,0.4307034277014991,0.8,0.2,0.7063080226035123,False,True,False,0.9006796045100874,0.6629561530386038,0.6934221599346289,0.6228791429607778,0.3333333333333333,1.0,225191.0,0.0,225190.99999999997,0.7675,0.434,0.5920000000000001,0.16599999999999998,0.03200000000000003,0,0,0,0,0,0,0.5743736762339542,0.5,0.5,0.026419269492128354,0.03519468720822787,primary,True
3026,Givin' Up On Lovin',Magic City Hippies,1227,0.6546019261979494,0.7105079107358419,0.4309779880463797,0.8,0.2,0.7018901970644955,False,True,True,0.8710792028617016,0.7148680294644842,0.7237829793749548,0.6255383418225453,0.3333333333333333,1.0,225459.0,0.0,225459.0,0.7675,0.434,0.5920000000000001,0.416,0.11799999999999988,0,0,0,0,0,0,0.5707429493911108,0.5,0.5,0.026419269492128354,0.03519468720822787,primary,True
1734,My Heart Belongs To U,Jodeci,930,0.6923786406439295,0.7741421777949095,0.3653244920400096,0.8,0.2,0.7138145794895392,False,True,False,0.9295082020029652,0.7970512627760734,0.6409169760609184,0.6539545871680881,0.3333333333333333,1.0,217151.7142857143,0.2857142857142857,217151.7142857143,0.7675,0.434,0.5920000000000001,0.0040000000000000036,0.08200000000000007,0,0,0,0,0,0,0.5697333349174596,0.5,0.5,0.026419269492128354,0.03519468720822787,primary,True
5768,Charcoal Baby,Blood Orange,255,0.7190068184589959,0.8206121051117667,0.3125856718479127,0.8,0.2,0.6927162920104728,False,True,False,0.9055170609080669,0.8247888077821968,0.6781563782130646,0.8074809651082527,0.6,2.0,121507.16666666667,0.5,673.3333333333334,0.7675,0.434,0.5920000000000001,0.07600000000000001,0.13200000000000006,0,0,0,0,0,0,0.5665988884798397,0.5,0.5,0.026419269492128354,0.03519468720822787,primary,True
3040,Lose My Cool - Franc Moody Remix,Amber Mark,110,0.6224988823828191,0.6622636963700204,0.4634396264340138,0.8,0.2,0.6964340098539491,False,False,True,0.9181138547721495,0.5700004636356326,0.59494948980242,0.6583528401493346,0.14285714285714285,1.0,257145.0,0.0,257145.0,0.7675,0.434,0.5920000000000001,0.326,0.08200000000000007,0,0,0,0,0,0,0.5628516614020171,0.5,0.5,0.026419269492128354,0.03519468720822787,primary,True
3027,Buzzed,¿Téo?,2207,0.6698512607163757,0.7464230251284423,0.36356420306810905,0.8,0.2,0.7544566381679275,True,False,True,0.9502894059716352,0.7796747272068104,0.5276945137438993,0.6265964403833435,0.3333333333333333,1.0,159656.0,0.0,159656.0,0.7675,0.434,0.5920000000000001,0.064,0.1120000000000001,0,0,0,0,0,0,0.5549936140982756,0.5,0.5,0.026419269492128354,0.03519468720822787,primary,True
460,Beige,Terrace Martin,1855,0.5817523877821379,0.6009943638477101,0.504784483519849,0.8,0.2,0.7338712230243505,True,False,False,0.9606023632191959,0.297409714094639,0.6233980452698783,0.47991867359920115,0.0,3.0,102373.66666666667,0.5,102187.86045069106,0.7675,0.434,0.5920000000000001,0.12600000000000006,0.012000000000000122,0,0,0,0,0,0,0.5528894236837796,0.5,0.5,0.026419269492128354,0.03519468720822787,primary,True
3028,Wake Up,Kowloon,1062,0.6172441099777877,0.6603002635138735,0.44501949583344386,0.8,0.2,0.6839610115831654,False,False,True,0.9178656606209812,0.5082559576596347,0.6779403123630986,0.5672115614196827,0.14285714285714285,1.0,239165.0,0.0,239165.0,0.7675,0.434,0.5920000000000001,0.23600000000000004,0.08200000000000007,0,0,0,0,0,0,0.5526598796736587,0.5,0.5,0.026419269492128354,0.03519468720822787,primary,True
3048,AMBER,Unusual Demont,1979,0.6339396453938559,0.6882227077628035,0.41680739591806587,0.8,0.2,0.7066154422563968,True,False,True,0.963174521967444,0.5082559576596347,0.6138927145429176,0.5672115614196827,0.14285714285714285,1.0,211627.0,0.0,211627.0,0.7675,0.434,0.5920000000000001,0.36600000000000005,0.16799999999999993,0,0,0,0,0,0,0.5525150518404347,0.5,0.5,0.026419269492128354,0.03519468720822787,primary,True
2836,Play Too Much,Kyle Dion,1072,0.6379720061629858,0.6969827854860633,0.4019288888706755,0.8,0.2,0.6980806522713535,False,False,True,0.8865432219936944,0.6571602576687925,0.6263680325500759,0.866451755070359,0.14285714285714285,1.0,197104.0,0.0,197104.0,0.7675,0.434,0.5920000000000001,0.466,0.14200000000000007,0,0,0,0,0,0,0.5494558371783694,0.5,0.5,0.026419269492128354,0.03519468720822787,primary,True
3204,Bone Marrow,Eggshells,569,0.6078868681803751,0.6472772672128759,0.4503252720503711,0.8,0.2,0.6999957156287463,True,False,False,0.9499350687121431,0.5082559576596347,0.5442261241145071,0.5672115614196827,0.14285714285714285,1.0,244344.0,0.0,244344.00000000003,0.7675,0.434,0.5920000000000001,0.016000000000000014,0.22799999999999987,0,0,0,0,0,0,0.5488012696316236,0.5,0.5,0.026419269492128354,0.03519468720822787,primary,True
2207,Snap My Finger (feat. PinkPantheress),KAYTRANADA,986,0.5919026933937419,0.6237008432125521,0.4647100941185007,0.8,0.2,0.7593602970357576,False,False,True,0.9073246231633222,0.5366049785667432,0.6761522168876767,0.26195807885422,0.3333333333333333,3.0,74224.66666666667,0.6666666666666666,117176.88983696593,0.7675,0.434,0.5920000000000001,0.066,0.04799999999999993,0,0,0,0,0,0,0.5442054686655264,0.5,0.5,0.026419269492128354,0.03519468720822787,primary,True
3014,Them Changes,Thundercat,1919,0.6303776036212771,0.6897549051541924,0.3928683974896165,0.8,0.2,0.7221109543305061,False,True,True,0.9475444269900464,0.6248087554736754,0.5076619414306479,0.6098988950267215,0.3333333333333333,1.0,188260.0,0.0,188260.0,0.7675,0.434,0.5920000000000001,0.26599999999999996,0.03200000000000003,0,0,0,0,0,0,0.5413116513219044,0.5,0.5,0.026419269492128354,0.03519468720822787,primary,True
2889,Is It Magic?,PawPaw Rod,1480,0.6286500885139197,0.6874759033585597,0.39334682913535995,0.8,0.2,0.6937925509822888,False,False,True,0.9390491227742545,0.5044549992720682,0.6203957266435689,0.7197044209999788,0.14285714285714285,1.0,188727.0,0.0,188727.0,0.7675,0.434,0.5920000000000001,0.336,0.05799999999999994,0,0,0,0,0,0,0.5404113662469598,0.5,0.5,0.026419269492128354,0.03519468720822787,primary,True
3360,"Lover, You Should've Come Over",Jeff Buckley,905,0.6195077081344538,0.6726211740275764,0.40705384456196314,0.8,0.2,0.6326383378383885,True,False,False,0.9233721258850118,0.667261374479413,0.48868212543993844,0.7577640983570066,0.14285714285714285,1.0,404213.0,0.0,0.0,0.7675,0.434,0.5920000000000001,0.28400000000000003,0.007999999999999896,0,0,0,0,0,0,0.5398375092947698,0.5,0.5,0.026419269492128354,0.03519468720822787,primary,True
1904,It's the Falling in Love,Michael Jackson,1287,0.6022938664837307,0.6445060997959859,0.43344493323470973,0.8,0.2,0.6845075113919915,True,False,False,0.9487738329528229,0.4980513930480069,0.6040828611833782,0.4424676867274787,0.14285714285714285,1.0,227867.0,0.0,227867.0,0.7675,0.434,0.5920000000000001,0.416,0.19799999999999995,0,0,0,0,0,0,0.5389755165153478,0.5,0.5,0.026419269492128354,0.03519468720822787,primary,True
2990,Tongue Tied,GROUPLOVE,696,0.6180671432291339,0.6713451849554787,0.4049549763237547,0.8,0.2,0.6929587626249671,True,False,False,0.932917339795681,0.5700004636356326,0.5739119051668232,0.6583528401493346,0.14285714285714285,3.0,73516.83333333333,0.6666666666666666,1230.0651499821943,0.7675,0.434,0.5920000000000001,0.064,0.34799999999999986,0,0,0,0,0,0,0.5381500806396167,0.5,0.5,0.026419269492128354,0.03519468720822787,primary,True
2857,Ms. Communication,theMIND,2195,0.60616849385752,0.6528361979453161,0.419497677506336,0.8,0.2,0.6974423193490595,False,True,True,0.9212171224613387,0.5672838418882118,0.5418443509265656,0.7032964511658895,0.14285714285714285,1.0,214253.0,0.0,214253.0,0.7675,0.434,0.5920000000000001,0.20600000000000002,0.1820000000000001,0,0,0,0,0,0,0.536166937725826,0.5,0.5,0.026419269492128354,0.03519468720822787,primary,True
3194,Groove Therapy,Cruza,434,0.6546849523601797,0.7337123352222117,0.3385754209120512,0.8,0.2,0.7605445956813046,False,True,False,0.8694196887682349,0.8247888077821968,0.5548960945971585,0.8074809651082527,0.6,2.0,57956.0,0.5,114962.00000000001,0.7675,0.434,0.5920000000000001,0.174,0.43200000000000005,0,0,0,0,0,0,0.5361438780671315,0.5,0.5,0.026419269492128354,0.03519468720822787,primary,True
3849,Bad Girls,Blood Orange,255,0.6575182927501616,0.7397515109311761,0.32858542002610347,0.8,0.2,0.6315135278928118,False,True,False,0.9142458838388502,0.6844529298669333,0.6302616257789404,0.604784047710863,0.6,1.0,251026.0,0.0,0.0,0.7675,0.434,0.5920000000000001,0.043999999999999984,0.07799999999999996,0,0,0,0,0,0,0.5341684654786398,0.5,0.5,0.026419269492128354,0.03519468720822787,primary,True
2883,Some,Steve Lacy,1782,0.6350599466107277,0.7072439824434167,0.346323803279972,0.8,0.2,0.7507797733441031,False,True,False,0.9541722598783229,0.5912757426728382,0.5682576469540787,0.7051409201875934,0.14285714285714285,3.0,11067.916666666666,0.8333333333333334,14292.23549475932,0.7675,0.434,0.5920000000000001,0.196,0.04200000000000004,0,0,0,0,0,0,0.5267838928616944,0.5,0.5,0.026419269492128354,0.03519468720822787,primary,True
2515,Run Your Mouth,The Marías,1892,0.6171611474828463,0.6781917756164999,0.37303863494823164,0.8,0.2,0.7385244780132794,False,False,True,0.949107566551581,0.5154685249837049,0.596122655525402,0.6307273303862774,0.14285714285714285,2.0,80197.5,0.5,160000.0,0.7675,0.434,0.5920000000000001,0.49600000000000005,0.05799999999999994,0,0,0,0,0,0,0.5256152052823657,0.5,0.5,0.026419269492128354,0.03519468720822787,primary,True
3547,storm,Night Tapes,1383,0.6420014302213505,0.7208360414335655,0.32666298537249006,0.8,0.2,0.6604223403840185,True,False,False,0.9514788071505453,0.7359146840437294,0.43774428932021464,0.5786061636902985,0.6,1.0,247273.0,0.0,0.0,0.7675,0.434,0.5920000000000001,0.204,0.04200000000000004,0,0,0,0,0,0,0.5237495134030278,0.5,0.5,0.026419269492128354,0.03519468720822787,primary,True
4422,When I'm Small,Phantogram,1487,0.6406001701683219,0.7188547269742223,0.3275819429447209,0.8,0.2,0.6434689630610898,True,False,False,0.9526939564597442,0.6481099241560888,0.5089326599076983,0.5473352211510983,0.6,1.0,249067.0,0.0,0.0,0.7675,0.434,0.5920000000000001,0.014000000000000012,0.16799999999999993,0,0,0,0,0,0,0.5232183349594716,0.5,0.5,0.026419269492128354,0.03519468720822787,primary,True
5879,Team,Lorde,1161,0.6503575973062606,0.7354768628039233,0.30988053531560983,0.8,0.2,0.6894504329785567,True,False,False,0.9619963161653482,0.667261374479413,0.5393576894012614,0.7577640983570066,0.14285714285714285,2.0,103319.5,0.5,13580.0,0.7675,0.434,0.5920000000000001,0.014000000000000012,0.012000000000000122,0,0,0,0,0,0,0.5226786990597666,0.5,0.5,0.026419269492128354,0.03519468720822787,primary,True
3047,Wallflower,Tim Atlas,1923,0.6039470000228777,0.6595275646347978,0.3816247415751974,0.8,0.2,0.6936479611462154,True,False,True,0.9372395597470812,0.5082559576596347,0.6162856894616274,0.5672115614196827,0.14285714285714285,1.0,177285.0,0.0,177285.0,0.7675,0.434,0.5920000000000001,0.446,0.06799999999999995,0,0,0,0,0,0,0.5205761531049976,0.5,0.5,0.026419269492128354,0.03519468720822787,primary,True
2994,Lucid Dreams,Maina Doe,1228,0.6002484426502007,0.6535807411816914,0.3869192485242378,0.8,0.2,0.6771817737506619,False,False,True,0.9014221580263461,0.5154685249837049,0.6764042617433724,0.6307273303862774,0.14285714285714285,1.0,182453.0,0.0,182453.0,0.7675,0.434,0.5920000000000001,0.08600000000000002,0.04200000000000004,0,0,0,0,0,0,0.5202499948529646,0.5,0.5,0.026419269492128354,0.03519468720822787,primary,True
4435,Don't Stop The Music,Rihanna,1593,0.6411916785532001,0.7218231736933465,0.3186656979926142,0.8,0.2,0.6700517630470278,False,True,False,0.9037069836489974,0.7159913561126461,0.6986419713649122,0.6384825955474482,0.14285714285714285,2.0,133710.0,0.5,340.0,0.7675,0.434,0.5920000000000001,0.10600000000000004,0.07799999999999996,0,0,0,0,0,0,0.5202444358429803,0.5,0.5,0.026419269492128354,0.03519468720822787,primary,True
2918,And We Go Gentle,Hiatus Kaiyote,780,0.5832962389896308,0.6270717763429543,0.40819408957633657,0.8,0.2,0.682961711348499,False,False,True,0.9158670601516484,0.5082559576596347,0.5945123170706778,0.5672115614196827,0.14285714285714285,1.0,203219.5,0.0,203219.5,0.7675,0.434,0.5920000000000001,0.09600000000000003,0.012000000000000122,0,0,0,0,0,0,0.5176329329596454,0.5,0.5,0.026419269492128354,0.03519468720822787,primary,True
3546,"leave it all behind, Mike",Night Tapes,1383,0.6229482848205312,0.695961835219522,0.3308940832245676,0.8,0.2,0.6505932709152845,True,False,False,0.9318206682130773,0.7359146840437294,0.43113705001749175,0.5786061636902985,0.6,1.0,255533.0,0.0,0.0,0.7675,0.434,0.5920000000000001,0.09399999999999997,0.08799999999999997,0,0,0,0,0,0,0.5134279592220448,0.5,0.5,0.026419269492128354,0.03519468720822787,primary,True
2982,everytime,Ariana Grande,137,0.5953877612096831,0.6501547040528116,0.37631998983716897,0.8,0.2,0.7049221098876527,False,False,True,0.8999129751397879,0.6579431628850545,0.6488939382867203,0.4426527018977234,0.14285714285714285,1.0,172107.0,0.0,172107.0,0.7675,0.434,0.5920000000000001,0.22600000000000003,0.017999999999999905,0,0,0,0,0,0,0.5132373469449902,0.5,0.5,0.026419269492128354,0.03519468720822787,primary,True
3013,Op Shop Lover,grentperez,2132,0.6073773510608711,0.6706956475969601,0.3541041649165149,0.8,0.2,0.7017647405504338,False,False,True,0.9419279715504387,0.5371188251723329,0.5872751128088108,0.6182450350992261,0.14285714285714285,1.0,150422.0,0.0,150422.0,0.7675,0.434,0.5920000000000001,0.27599999999999997,0.10799999999999987,0,0,0,0,0,0,0.5123999062567375,0.5,0.5,0.026419269492128354,0.03519468720822787,primary,True
5055,I Wanna Help Your Mind,Goth Babe,730,0.6463316351153472,0.7358961872812753,0.2880734264516352,0.8,0.2,0.6410942295377293,True,False,False,0.9584859892879994,0.6217561744686481,0.5979100641581194,0.7303648325304356,0.14285714285714285,1.0,171938.0,0.0,0.0,0.7675,0.434,0.5920000000000001,0.36600000000000005,0.1379999999999999,0,0,0,0,0,0,0.5119848068664552,0.5,0.5,0.026419269492128354,0.03519468720822787,primary,True
3542,tokyo sway,Night Tapes,1383,0.6058818804808386,0.669299362503444,0.3522119523904163,0.8,0.2,0.6461904096799337,True,False,False,0.9230149457423755,0.7359146840437294,0.3863397528857943,0.5786061636902985,0.6,1.0,297150.0,0.0,0.0,0.7675,0.434,0.5920000000000001,0.14400000000000002,0.06799999999999995,0,0,0,0,0,0,0.5107556574469302,0.5,0.5,0.026419269492128354,0.03519468720822787,primary,True
5608,sorry 4 calling,SOLIS4EVR,1645,0.620247912065559,0.6938839998610097,0.32570356088375624,0.8,0.2,0.6171796479455361,True,False,False,0.9531718858975904,0.5154685249837049,0.6259267351594808,0.6307273303862774,0.14285714285714285,1.0,245400.0,0.0,0.0,0.7675,0.434,0.5920000000000001,0.043999999999999984,0.29799999999999993,0,0,0,0,0,0,0.509793780372383,0.5,0.5,0.026419269492128354,0.03519468720822787,primary,True
4239,Breezeblocks,alt-J,2103,0.6247012336988946,0.7017967085809498,0.31631933417067387,0.8,0.2,0.6299453200299554,True,False,False,0.9568904546056578,0.5700004636356326,0.5822859407228475,0.6583528401493346,0.14285714285714285,1.0,227080.0,0.0,0.0,0.7675,0.434,0.5920000000000001,0.14400000000000002,0.06799999999999995,0,0,0,0,0,0,0.5090580213758118,0.5,0.5,0.026419269492128354,0.03519468720822787,primary,True
3722,Chateau (Feel Alright),Djo,517,0.609761459831434,0.6773494368314273,0.33940955183146065,0.8,0.2,0.6293475271710759,True,False,False,0.9556948688878988,0.5700004636356326,0.5200601508268077,0.6583528401493346,0.14285714285714285,1.0,272157.0,0.0,0.0,0.7675,0.434,0.5920000000000001,0.08400000000000002,0.2220000000000001,0,0,0,0,0,0,0.508379494331444,0.5,0.5,0.026419269492128354,0.03519468720822787,primary,True
4439,No Air (feat. Chris Brown),Jordin Sparks,951,0.6111864535047082,0.6801274968915605,0.33542227995729945,0.8,0.2,0.6274509680811391,False,True,False,0.8935053937172197,0.7159913561126461,0.6176120349489909,0.6384825955474482,0.14285714285714285,1.0,264373.0,0.0,0.0,0.7675,0.434,0.5920000000000001,0.10399999999999998,0.16799999999999993,0,0,0,0,0,0,0.50777488842443,0.5,0.5,0.026419269492128354,0.03519468720822787,primary,True
3206,Holding Back,Eggshells,569,0.5847034909985231,0.6360192256074193,0.3794405525629385,0.8,0.2,0.7017487206833449,True,False,False,0.9534410788213402,0.5082559576596347,0.5030976178495441,0.5672115614196827,0.14285714285714285,1.0,175153.0,0.0,175153.0,0.7675,0.434,0.5920000000000001,0.055999999999999994,0.062000000000000055,0,0,0,0,0,0,0.5077298890851789,0.5,0.5,0.026419269492128354,0.03519468720822787,primary,True
3854,Dog Daze,Cruza,434,0.6471354139533041,0.7401536313324371,0.2750625444367721,0.8,0.2,0.6596946844022701,False,True,False,0.9144738456916615,0.8247888077821968,0.4337253665313403,0.8074809651082527,0.6,1.0,146538.0,0.0,0.0,0.7675,0.434,0.5920000000000001,0.224,0.3020000000000001,0,0,0,0,0,0,0.5076080878846045,0.5,0.5,0.026419269492128354,0.03519468720822787,primary,True
4874,IPlayYouListen,ODESZA,1408,0.6016625384910012,0.6645851907942083,0.34997192927817233,0.8,0.2,0.6435225060702148,True,False,False,0.9459969335796263,0.6651201964020081,0.523818074308147,0.36592233693636905,0.3333333333333333,1.0,292777.0,0.0,0.0,0.7675,0.434,0.5920000000000001,0.15399999999999997,0.15799999999999992,0,0,0,0,0,0,0.5072785600361903,0.5,0.5,0.026419269492128354,0.03519468720822787,primary,True
4436,Time of Our Lives,Pitbull,1506,0.6191735789623175,0.694595163674068,0.31748724011531515,0.8,0.2,0.6414170645948744,False,True,False,0.9159583162963971,0.7296895322333788,0.60396499662784,0.5790235015895427,0.14285714285714285,1.0,229360.0,0.0,0.0,0.7675,0.434,0.5920000000000001,0.286,0.20799999999999996,0,0,0,0,0,0,0.5060412018946916,0.5,0.5,0.026419269492128354,0.03519468720822787,primary,True
5353,21c,Peter Cat Recording Co.,1486,0.6016422903397605,0.6670491082095366,0.3400150188606562,0.8,0.2,0.6355362833944725,True,False,False,0.947370097001486,0.6217561744686481,0.44649996487560417,0.7303648325304356,0.14285714285714285,1.0,273339.0,0.0,0.0,0.7675,0.434,0.5920000000000001,0.214,0.1720000000000001,0,0,0,0,0,0,0.5035320635350964,0.5,0.5,0.026419269492128354,0.03519468720822787,primary,True
4363,Lovesick,Alice Phoebe Lou,99,0.6051559589478729,0.6739199206653433,0.3301001120779913,0.8,0.2,0.62484816896451,True,False,False,0.959848807860087,0.5371188251723329,0.5408629863150151,0.6182450350992261,0.14285714285714285,1.0,253983.0,0.0,0.0,0.7675,0.434,0.5920000000000001,0.07600000000000001,0.08200000000000007,0,0,0,0,0,0,0.5020100163716673,0.5,0.5,0.026419269492128354,0.03519468720822787,primary,True
1546,Champagne Coast,Blood Orange,255,0.6633018730597022,0.7711278579556125,0.23199793347606104,0.8,0.2,0.6921102049682252,False,True,False,0.9344552495941364,0.7494129008557852,0.570423617666515,0.6788647904206724,0.6,2.0,38451.75,0.75,24015.0,0.7675,0.434,0.5920000000000001,0.326,0.1820000000000001,0,0,0,0,0,0,0.5015628957158368,0.5,0.5,0.026419269492128354,0.03519468720822787,primary,True
950,Cariño,The Marías,1892,0.6330791343997293,0.7209598106491053,0.2815564294022249,0.8,0.2,0.6657452384600999,False,True,False,0.8804056084324909,0.7211812223013363,0.6687859585356606,0.7362035542047134,0.3333333333333333,1.0,157696.2,0.4,157696.2,0.7675,0.434,0.5920000000000001,0.21600000000000003,0.12200000000000011,0,0,0,0,0,0,0.5012581200256652,0.5,0.5,0.026419269492128354,0.03519468720822787,primary,True
1772,Beat Take 1 (feat. Ghostface Killah),The Neighbourhood,1893,0.6751644737502639,0.7914148845187856,0.21016283067617653,0.8,0.2,0.6487297215784903,False,True,False,0.8805368094234468,0.8548065843338342,0.6850223941637108,0.737616032021815,0.6,1.0,9920.0,0.0,9920.0,0.7675,0.434,0.5920000000000001,0.08400000000000002,0.027999999999999914,0,0,0,0,0,0,0.500788857597481,0.5,0.5,0.026419269492128354,0.03519468720822787,primary,True
2556,do you have a soul?,Fousheé,655,0.6043183445104116,0.6737755965882288,0.32648933619914206,0.8,0.2,0.6911992702717494,True,False,True,0.9338625613531759,0.5044549992720682,0.599411936316896,0.7197044209999788,0.14285714285714285,1.0,123467.0,0.0,123467.00000000001,0.7675,0.434,0.5920000000000001,0.536,0.18799999999999994,0,0,0,0,0,0,0.5001324663936855,0.5,0.5,0.026419269492128354,0.03519468720822787,primary,True
4442,Only Girl (In The World),Rihanna,1593,0.608172351563556,0.6817551467698445,0.313841170738402,0.8,0.2,0.6627181373711873,False,True,False,0.8890397322973164,0.7159913561126461,0.6357308606818379,0.6384825955474482,0.14285714285714285,2.0,120041.5,0.5,4590.0,0.7675,0.434,0.5920000000000001,0.20600000000000002,0.11799999999999988,0,0,0,0,0,0,0.49779815875412325,0.5,0.5,0.026419269492128354,0.03519468720822787,primary,True
3051,Rainy,PawPaw Rod,1480,0.5848691098064096,0.6432485397291576,0.3513513901154175,0.8,0.2,0.6686672332452552,False,False,True,0.8418780172215555,0.6217561744686481,0.706712694118432,0.7303648325304356,0.14285714285714285,1.0,147735.0,0.0,147735.0,0.7675,0.434,0.5920000000000001,0.466,0.017999999999999905,0,0,0,0,0,0,0.49729996492228756,0.5,0.5,0.026419269492128354,0.03519468720822787,primary,True
5008,one thing,strongboi,2189,0.5865389799995776,0.6469434129227098,0.34492124830704834,0.8,0.2,0.6145437258785235,True,False,False,0.950785068693193,0.5082559576596347,0.5407125442836734,0.5672115614196827,0.14285714285714285,1.0,282917.0,0.0,0.0,0.7675,0.434,0.5920000000000001,0.24600000000000005,0.15200000000000008,0,0,0,0,0,0,0.49593233061487907,0.5,0.5,0.026419269492128354,0.03519468720822787,primary,True
3545,patience (waiting for the setting sun),Night Tapes,1383,0.6259100119649811,0.713695266452514,0.274768994014849,0.8,0.2,0.6492341424681468,True,False,False,0.929102411318802,0.7359146840437294,0.4872989195164993,0.5786061636902985,0.6,1.0,216954.45454545456,0.18181818181818182,0.0,0.7675,0.434,0.5920000000000001,0.11399999999999999,0.20799999999999996,0,0,0,0,0,0,0.4942321302336815,0.5,0.5,0.026419269492128354,0.03519468720822787,primary,True
3841,King of Everything,Dominic Fike,524,0.6103187003423004,0.6880086605813321,0.29955885938617305,0.8,0.2,0.6267919236905948,True,False,False,0.9505836619269366,0.5700004636356326,0.5645101619367909,0.6583528401493346,0.14285714285714285,1.0,194360.0,0.0,0.0,0.7675,0.434,0.5920000000000001,0.13599999999999995,0.12200000000000011,0,0,0,0,0,0,0.49378375998375257,0.5,0.5,0.026419269492128354,0.03519468720822787,primary,True
4336,Afterthought,Tame Impala,1840,0.5955944854592883,0.6635304091252949,0.32385079079526174,0.8,0.2,0.6105569574203962,False,True,False,0.8875029934389884,0.64652730350451,0.6620056724204578,0.59777183914414,0.14285714285714285,1.0,241783.0,0.0,0.0,0.7675,0.434,0.5920000000000001,0.456,0.30799999999999994,0,0,0,0,0,0,0.4936905999602783,0.5,0.5,0.026419269492128354,0.03519468720822787,primary,True
6087,Kill Us All (feat. Denzel Curry),The Neighbourhood,1893,0.6695403363475385,0.7868211797064695,0.20041696291181493,0.8,0.2,0.6735988586817788,False,True,False,0.9302750836300241,0.8548065843338342,0.5197019130690188,0.737616032021815,0.6,1.0,407.0,0.0,407.0,0.7675,0.434,0.5920000000000001,0.033999999999999975,0.04799999999999993,0,0,0,0,0,0,0.4936190713091422,0.5,0.5,0.026419269492128354,0.03519468720822787,primary,True
4710,drifting,Night Tapes,1383,0.6027398892800051,0.6762198244421567,0.30882014863139845,0.8,0.2,0.6207843049074346,True,False,False,0.9603811998213874,0.5154685249837049,0.5561422675492241,0.6307273303862774,0.14285714285714285,1.0,212440.0,0.0,0.0,0.7675,0.434,0.5920000000000001,0.08600000000000002,0.1379999999999999,0,0,0,0,0,0,0.49251998653677753,0.5,0.5,0.026419269492128354,0.03519468720822787,primary,True
5036,MADNESS!,Johnny Yukon,940,0.6193903041939957,0.7056280929857828,0.27443914902684735,0.8,0.2,0.6230261675559077,True,False,False,0.9648649251183334,0.5154685249837049,0.6216308095054713,0.6307273303862774,0.14285714285714285,1.0,145321.0,0.0,0.0,0.7675,0.434,0.5920000000000001,0.25599999999999995,0.027999999999999914,0,0,0,0,0,0,0.4900336210063151,0.5,0.5,0.026419269492128354,0.03519468720822787,primary,True
3133,Brewster,Cruza,434,0.6501575764338673,0.7569250884789147,0.22308752825367742,0.8,0.2,0.7006585858787823,True,False,False,0.9384889581926934,0.7820705339121781,0.5095704594937424,0.646683471314588,0.6,2.0,39929.75,0.75,5142.0,0.7675,0.434,0.5920000000000001,0.10600000000000004,0.3420000000000001,0,0,0,0,0,0,0.49000630836629605,0.5,0.5,0.026419269492128354,0.03519468720822787,primary,True
2564,Ruthless,The Marías,1892,0.5947064158760416,0.6647621721080288,0.3144833909480924,0.8,0.2,0.6638545472348645,True,True,False,0.9475842553480875,0.5753120978041035,0.4936256248435129,0.6882513802956605,0.14285714285714285,2.0,124446.75,0.5,1438.5,0.7675,0.434,0.5920000000000001,0.12600000000000006,0.15200000000000008,0,0,0,0,0,0,0.4896227815280606,0.5,0.5,0.026419269492128354,0.03519468720822787,primary,True
3356,sunsunsun,Bay Ledges,210,0.6158608119798017,0.7002968859662223,0.27811651603411913,0.8,0.2,0.6170462920550296,True,False,False,0.9529051741165774,0.5154685249837049,0.6440339218744883,0.6307273303862774,0.14285714285714285,1.0,152500.0,0.0,0.0,0.7675,0.434,0.5920000000000001,0.536,0.21799999999999997,0,0,0,0,0,0,0.4892067010001707,0.5,0.5,0.026419269492128354,0.03519468720822787,primary,True
347,Chunky,Bruno Mars,297,0.6430585111553693,0.7457251440305733,0.23239197965455322,0.8,0.2,0.7072121303171837,False,True,False,0.884761825268956,0.7970512627760734,0.7019017675417426,0.6539545871680881,0.3333333333333333,2.0,43202.25,0.7916666666666667,36302.19499527151,0.7675,0.434,0.5920000000000001,0.296,0.052000000000000046,0,0,0,0,0,0,0.48905856184256324,0.5,0.5,0.026419269492128354,0.03519468720822787,primary,True
4726,Blue Hair,TV Girl,1828,0.5907894090346061,0.6606977711630874,0.31115596052068095,0.8,0.2,0.6171394133704087,True,False,False,0.9561069647660625,0.507929654936887,0.618168655428039,0.3272460774105702,0.3333333333333333,1.0,217000.0,0.0,0.0,0.7675,0.434,0.5920000000000001,0.446,0.1279999999999999,0,0,0,0,0,0,0.48592686584188416,0.5,0.5,0.026419269492128354,0.03519468720822787,primary,True
2504,blazed (feat. Pharrell Williams),Ariana Grande,137,0.6053009175581375,0.6853873504614961,0.28495518594470287,0.8,0.2,0.6965107645505046,True,False,False,0.9403416109593237,0.6579431628850545,0.6195582289794974,0.4426527018977234,0.14285714285714285,1.0,147999.0,0.3333333333333333,147999.0,0.7675,0.434,0.5920000000000001,0.426,0.16799999999999993,0,0,0,0,0,0,0.4851712682030995,0.5,0.5,0.026419269492128354,0.03519468720822787,primary,True
3258,Vigil,Golden Features,725,0.5924765206685301,0.6659366132249924,0.29863615044268027,0.8,0.2,0.631832099656625,True,False,False,0.9740222078865529,0.5366049785667432,0.5849218286046143,0.26195807885422,0.3333333333333333,1.0,249976.67647058822,0.14705882352941177,0.0,0.7675,0.434,0.5920000000000001,0.124,0.2479999999999999,0,0,0,0,0,0,0.4822863818338363,0.5,0.5,0.026419269492128354,0.03519468720822787,primary,True
3622,when sunday comes around,Marlon Funaki,1250,0.5993503042017493,0.6784415934616697,0.2829851471620677,0.8,0.2,0.6232959459530231,True,False,False,0.9682895088421922,0.5082559576596347,0.5717981830641115,0.5672115614196827,0.14285714285714285,1.0,273559.5714285714,0.2857142857142857,0.0,0.7675,0.434,0.5920000000000001,0.11399999999999999,0.02200000000000013,0,0,0,0,0,0,0.48071337031186867,0.5,0.5,0.026419269492128354,0.03519468720822787,primary,True
3665,Love/Paranoia,Tame Impala,1840,0.5919376632214629,0.6661320142182936,0.29516025923414035,0.8,0.2,0.6240413465148887,True,False,False,0.9450825075755244,0.5700004636356326,0.5224528982120887,0.6583528401493346,0.14285714285714285,1.0,185773.0,0.0,0.0,0.7675,0.434,0.5920000000000001,0.08400000000000002,0.10799999999999987,0,0,0,0,0,0,0.480646136726217,0.5,0.5,0.026419269492128354,0.03519468720822787,primary,True
5007,favorite place,strongboi,2189,0.5836352891485641,0.6524685427986924,0.3083022745480509,0.8,0.2,0.621287719033549,True,False,False,0.9642730550032441,0.5082559576596347,0.5141331041979433,0.5672115614196827,0.14285714285714285,1.0,211429.0,0.0,0.0,0.7675,0.434,0.5920000000000001,0.035999999999999976,0.052000000000000046,0,0,0,0,0,0,0.48038540867337165,0.5,0.5,0.026419269492128354,0.03519468720822787,primary,True
3720,Delete Ya,Djo,517,0.6031749841857619,0.6852153951803586,0.275013340207375,0.8,0.2,0.6187623835807338,True,False,False,0.9563373571679856,0.5154685249837049,0.5928256258191478,0.6307273303862774,0.14285714285714285,1.0,202219.42857142858,0.14285714285714285,0.0,0.7675,0.434,0.5920000000000001,0.40599999999999997,0.07799999999999996,0,0,0,0,0,0,0.4801143676938668,0.5,0.5,0.026419269492128354,0.03519468720822787,primary,True
4784,Potion,Djo,517,0.5964613677808904,0.6740853194467787,0.2859655611173375,0.8,0.2,0.6184019002396416,True,False,False,0.9556163904858013,0.5154685249837049,0.5650393593218505,0.6307273303862774,0.14285714285714285,1.0,167823.0,0.0,0.0,0.7675,0.434,0.5920000000000001,0.07600000000000001,0.052000000000000046,0,0,0,0,0,0,0.4800254402820581,0.5,0.5,0.026419269492128354,0.03519468720822787,primary,True
5239,Ribs,Lorde,1161,0.5935192849903966,0.6692346471130697,0.2906578364997044,0.8,0.2,0.6757168219044497,True,False,False,0.9345290940171342,0.667261374479413,0.4452472204637011,0.7577640983570066,0.14285714285714285,2.0,109944.58333333333,0.5833333333333334,1965.0,0.7675,0.434,0.5920000000000001,0.394,0.12200000000000011,0,0,0,0,0,0,0.479946241806387,0.5,0.5,0.026419269492128354,0.03519468720822787,primary,True
4167,shibuya (feat. San Holo),Covet,426,0.6030167072732073,0.6852037407689602,0.2742685732901958,0.8,0.2,0.6303207631075034,True,False,False,0.9576413407607538,0.5700004636356326,0.5352477495832643,0.6583528401493346,0.14285714285714285,1.0,144988.0,0.0,0.0,0.7675,0.434,0.5920000000000001,0.10399999999999998,0.17799999999999994,0,0,0,0,0,0,0.479736157029578,0.5,0.5,0.026419269492128354,0.03519468720822787,primary,True
4766,Socks,Dominic Fike,524,0.6070097040935039,0.6919641337927102,0.2671919852966787,0.8,0.2,0.6337242158232481,True,False,False,0.9644482461922432,0.5700004636356326,0.5325414503211611,0.6583528401493346,0.14285714285714285,1.0,131173.0,0.0,0.0,0.7675,0.434,0.5920000000000001,0.016000000000000014,0.10200000000000009,0,0,0,0,0,0,0.47957805954469446,0.5,0.5,0.026419269492128354,0.03519468720822787,primary,True
1384,Finesse,Bruno Mars,297,0.6238085752955304,0.7224393737807988,0.22928538135445642,0.8,0.2,0.6716209931014315,False,True,False,0.8697738633040935,0.7970512627760734,0.6852163885233077,0.6539545871680881,0.3333333333333333,1.0,117322.54545454546,0.45454545454545453,117322.54545454546,0.7675,0.434,0.5920000000000001,0.506,0.20799999999999996,0,0,0,0,0,0,0.4758623775676276,0.5,0.5,0.026419269492128354,0.03519468720822787,primary,True
5209,ELECTRIFY TONIGHT,Tommy Richman,1939,0.5935807089642772,0.6721610556439115,0.27925932224573957,0.8,0.2,0.6217948107869159,True,False,False,0.9624022115803499,0.5154685249837049,0.5389868334753418,0.6307273303862774,0.14285714285714285,1.0,154731.0,0.0,0.0,0.7675,0.434,0.5920000000000001,0.10399999999999998,0.08200000000000007,0,0,0,0,0,0,0.47571018894482553,0.5,0.5,0.026419269492128354,0.03519468720822787,primary,True
5416,I Wanna C U,Blood Orange,255,0.6172335669950226,0.7119726855295987,0.23827709285671836,0.8,0.2,0.6172061584882785,False,True,False,0.8487481707993344,0.7766603654430569,0.6197455590138136,0.7549721252958612,0.6,1.0,74725.0,0.0,0.0,0.7675,0.434,0.5920000000000001,0.286,0.2920000000000001,0,0,0,0,0,0,0.47512488919315854,0.5,0.5,0.026419269492128354,0.03519468720822787,primary,True
4685,Quite the Opposite,Dominic Fike,524,0.5959710089684461,0.6769651396469161,0.27199448625456646,0.8,0.2,0.6197445626186494,True,False,False,0.9583017152438168,0.5154685249837049,0.5645454849906469,0.6307273303862774,0.14285714285714285,1.0,140548.5,0.0,0.0,0.7675,0.434,0.5920000000000001,0.035999999999999976,0.1720000000000001,0,0,0,0,0,0,0.47447981295074126,0.5,0.5,0.026419269492128354,0.03519468720822787,primary,True
1575,Baby Come Back,Player,1513,0.5965067897735434,0.679832590567997,0.2632035865957286,0.8,0.2,0.656799575426967,True,False,False,0.9562775841113639,0.523278126091479,0.5924397496812088,0.6722928194817067,0.0,1.0,159304.0,0.5,159304.0,0.7675,0.434,0.5920000000000001,0.12600000000000006,0.03200000000000003,0,0,0,0,0,0,0.47151808858186284,0.5,0.5,0.026419269492128354,0.03519468720822787,primary,True
3706,Potion,Djo,517,0.5923956171013391,0.6740853194467787,0.2656368077195807,0.8,0.2,0.6184019002396416,True,False,False,0.9556163904858013,0.5154685249837049,0.5650393593218505,0.6307273303862774,0.14285714285714285,1.0,163631.72727272726,0.09090909090909091,0.0,0.7675,0.434,0.5920000000000001,0.07600000000000001,0.052000000000000046,0,0,0,0,0,0,0.4698610635831797,0.5,0.5,0.026419269492128354,0.03519468720822787,primary,True
1762,Softcore,The Neighbourhood,1893,0.6428138143700535,0.7588783060966859,0.17855584746352357,0.8,0.2,0.7041749522348709,False,True,False,0.896957853054614,0.8548065843338342,0.5468220729647483,0.737616032021815,0.6,2.0,16128.833333333334,0.9333333333333333,13588.741643044299,0.7675,0.434,0.5920000000000001,0.064,0.02200000000000013,0,0,0,0,0,0,0.46871707678010477,0.5,0.5,0.026419269492128354,0.03519468720822787,primary,True
4799,Rest Easy,nimino,2162,0.5824470860633363,0.6593012892413054,0.27503027335145963,0.8,0.2,0.6306100760305975,True,False,False,0.9715781606344978,0.5366049785667432,0.574550175540413,0.26195807885422,0.3333333333333333,1.0,146475.0,0.0,0.0,0.7675,0.434,0.5920000000000001,0.10399999999999998,0.06799999999999995,0,0,0,0,0,0,0.46716578129638253,0.5,0.5,0.026419269492128354,0.03519468720822787,primary,True
5285,Seed,Peter Cat Recording Co.,1486,0.6047738554905676,0.6986586036477018,0.22923486286203054,0.8,0.2,0.635189879091988,True,False,False,0.9466772883965167,0.6217561744686481,0.533839333163304,0.7303648325304356,0.14285714285714285,1.0,154683.25,0.25,0.0,0.7675,0.434,0.5920000000000001,0.05399999999999999,0.31200000000000006,0,0,0,0,0,0,0.4639467332548662,0.5,0.5,0.026419269492128354,0.03519468720822787,primary,True
5290,Ritual Union,Little Dragon,1148,0.6802801783366255,0.8246482712892955,0.10280780652594501,0.8,0.2,0.6706328913813787,False,True,False,0.9243431490292238,0.8548065843338342,0.6399114155962552,0.737616032021815,0.6,1.0,70555.16666666667,0.6666666666666666,0.0,0.7675,0.434,0.5920000000000001,0.36600000000000005,0.1479999999999999,0,0,0,0,0,0,0.46372803890762027,0.5,0.5,0.026419269492128354,0.03519468720822787,primary,True
3286,Be Mine (feat. Katie Bosworth),Drinks On Me,538,0.6007527554071685,0.6997797998583849,0.20464457760230303,0.8,0.2,0.6413357972937811,False,True,False,0.9429787977866108,0.6617319920023789,0.5388711824864276,0.5698686479294935,0.3333333333333333,1.0,139214.66666666666,0.3333333333333333,0.0,0.7675,0.434,0.5920000000000001,0.244,0.07200000000000006,0,0,0,0,0,0,0.45221218873034397,0.5,0.5,0.026419269492128354,0.03519468720822787,primary,True
2310,Stay The Night - Featuring Hayley Williams Of Paramore,Zedd,2090,0.5907542794906346,0.686363823084997,0.20831610511318485,0.8,0.2,0.6850771950314758,True,False,False,0.95609599519617,0.6651201964020081,0.5514732862332025,0.36592233693636905,0.3333333333333333,1.0,105728.0,0.5,105728.0,0.7675,0.434,0.5920000000000001,0.026000000000000023,0.1479999999999999,0,0,0,0,0,0,0.44733996409909094,0.5,0.5,0.026419269492128354,0.03519468720822787,primary,True
1443,Boyfriend,Big Time Rush,235,0.6013356288378284,0.704883818072718,0.18714287189826978,0.8,0.2,0.6499192792499234,False,True,False,0.8800337630100055,0.7159913561126461,0.7257702926483888,0.6384825955474482,0.14285714285714285,1.0,104582.8,0.6,104582.8,0.7675,0.434,0.5920000000000001,0.24600000000000005,0.2679999999999999,0,0,0,0,0,0,0.44601334498549394,0.5,0.5,0.026419269492128354,0.03519468720822787,primary,True
1700,Eye 2 eye,NOMAD,1351,0.5816390767347751,0.6733171815295603,0.21492665755563428,0.8,0.2,0.6208609336617196,True,False,False,0.9511367792026479,0.5389627203019782,0.6144785484381567,0.39308559406373117,0.3333333333333333,1.0,14570.0,0.0,14570.0,0.7675,0.434,0.5920000000000001,0.08600000000000002,0.2479999999999999,0,0,0,0,0,0,0.4441219195425973,0.5,0.5,0.026419269492128354,0.03519468720822787,primary,True
4129,Thank You,Clairo,389,0.585657006623318,0.681196754537134,0.20349801496805364,0.8,0.2,0.624124171792574,True,False,False,0.9670609335916659,0.5154685249837049,0.5490193552882138,0.6307273303862774,0.14285714285714285,1.0,136976.33333333334,0.3333333333333333,0.0,0.7675,0.434,0.5920000000000001,0.25599999999999995,0.012000000000000122,0,0,0,0,0,0,0.44234738475259383,0.5,0.5,0.026419269492128354,0.03519468720822787,primary,True
6613,Lights,Ellie Goulding,581,0.5984402020307281,0.7033560312765347,0.17877688504750172,0.8,0.2,0.6568966989778576,False,True,False,0.900250631201491,0.7450304610895467,0.6601291009354592,0.4740779542157538,0.3333333333333333,1.0,135460.95,0.8,135460.95,0.7675,0.434,0.5920000000000001,0.286,0.1379999999999999,0,0,0,0,0,0,0.44106645816201817,0.5,0.5,0.026419269492128354,0.03519468720822787,primary,True
5264,Two Weeks,FKA twigs,619,0.617266035205139,0.7349872015273589,0.14638136991625977,0.8,0.2,0.6559043147272366,False,True,False,0.9064813211710474,0.8258182707085648,0.5322017839563961,0.6103248246154821,0.6,1.0,155620.0,0.6666666666666666,0.0,0.7675,0.434,0.5920000000000001,0.09399999999999997,0.1279999999999999,0,0,0,0,0,0,0.4406842857218093,0.5,0.5,0.026419269492128354,0.03519468720822787,primary,True
3795,Victory Lap Five,Fred again..,663,0.5898258286191552,0.6893484377090786,0.19173539225946148,0.8,0.2,0.6412032739876777,True,False,False,0.9663423818906162,0.6026604152118484,0.6226160070342099,0.26022122203070047,0.3333333333333333,1.0,244160.66666666666,0.6666666666666666,0.0,0.7675,0.434,0.5920000000000001,0.13599999999999995,0.21799999999999997,0,0,0,0,0,0,0.44054191498427003,0.5,0.5,0.026419269492128354,0.03519468720822787,primary,True
3725,T. Rex Is Loud,Djo,517,0.5842091915447788,0.6805355545943863,0.1989037393463486,0.8,0.2,0.6139528566123463,True,False,False,0.9467183032312106,0.5154685249837049,0.6097873407453159,0.6307273303862774,0.14285714285714285,1.0,128007.33333333333,0.3333333333333333,0.0,0.7675,0.434,0.5920000000000001,0.336,0.04799999999999993,0,0,0,0,0,0,0.4397196469703675,0.5,0.5,0.026419269492128354,0.03519468720822787,primary,True
1582,FUTARI,XAMIYA,2040,0.616605667124609,0.7345914249515046,0.14466263581702601,0.8,0.2,0.6617273362495574,True,False,False,0.9572767861091028,0.6062608554650653,0.6001312089022314,0.47766358111866986,0.6,1.0,76132.33333333333,0.6666666666666666,76132.33333333333,0.7675,0.434,0.5920000000000001,0.13599999999999995,0.23799999999999988,0,0,0,0,0,0,0.4396270303842653,0.5,0.5,0.026419269492128354,0.03519468720822787,primary,True
960,Locked out of Heaven,Bruno Mars,297,0.5816723339831116,0.6792750858909881,0.19126132635160542,0.8,0.2,0.6611439253492195,True,False,False,0.9447240211853527,0.523278126091479,0.6264622729564412,0.6722928194817067,0.0,2.0,30283.3125,0.9375,25864.894159144278,0.7675,0.434,0.5920000000000001,0.436,0.10799999999999987,0,0,0,0,0,0,0.43526820612129674,0.5,0.5,0.026419269492128354,0.03519468720822787,primary,True
3977,You Make Me Feel... (feat. Sabi),Cobra Starship,400,0.5909774487836094,0.7001038484061873,0.15447185029329746,0.8,0.2,0.6699888433276953,False,True,False,0.8919655022195718,0.7450304610895467,0.6768377163822279,0.4740779542157538,0.3333333333333333,2.0,7070.0,1.0,1660.0000000000002,0.7675,0.434,0.5920000000000001,0.316,0.2679999999999999,0,0,0,0,0,0,0.4272878493497424,0.5,0.5,0.026419269492128354,0.03519468720822787,primary,True
5351,Die For You,The Weeknd,1915,0.5826369055952592,0.6869248183502715,0.16548525457520943,0.8,0.2,0.6565834202139034,False,True,False,0.8960629163284862,0.6677598102483014,0.6791552387559409,0.4914913893862065,0.3333333333333333,2.0,28555.5,1.0,1675.0,0.7675,0.434,0.5920000000000001,0.026000000000000023,0.062000000000000055,0,0,0,0,0,0,0.4262050364627405,0.5,0.5,0.026419269492128354,0.03519468720822787,primary,True
3472,Threat of Joy,The Strokes,1910,0.5837293739118827,0.6907609876103269,0.1556029191181057,0.8,0.2,0.6307971171906849,False,True,False,0.9279833129795657,0.64652730350451,0.6109400276672283,0.59777183914414,0.14285714285714285,1.0,136437.42857142858,0.5714285714285714,0.0,0.7675,0.434,0.5920000000000001,0.25599999999999995,0.10799999999999987,0,0,0,0,0,0,0.42318195336421627,0.5,0.5,0.026419269492128354,0.03519468720822787,primary,True
4229,Twin Flame,RUBII,1558,0.5846352407305214,0.6929885768924997,0.15122189608260836,0.8,0.2,0.6222315485550908,True,False,False,0.9676810974013543,0.5044549992720682,0.5472173407608801,0.7197044209999788,0.14285714285714285,1.0,99996.0,0.5,0.0,0.7675,0.434,0.5920000000000001,0.10600000000000004,0.017999999999999905,0,0,0,0,0,0,0.42210523648755405,0.5,0.5,0.026419269492128354,0.03519468720822787,primary,True
4182,Can I Grow a Garden With You,YULLOLA,2057,0.5927468294006112,0.7076246927067742,0.1332353761759589,0.8,0.2,0.63171016171802,True,False,False,0.9604201379817869,0.5700004636356326,0.5871431044296663,0.6583528401493346,0.14285714285714285,1.0,64882.5,0.5,0.0,0.7675,0.434,0.5920000000000001,0.16599999999999998,0.012000000000000122,0,0,0,0,0,0,0.42043003444136656,0.5,0.5,0.026419269492128354,0.03519468720822787,primary,True
6623,Sweet but Psycho,Ava Max,162,0.6401896130445028,0.786795853103266,0.053764652809450114,0.8,0.2,0.6689171117872103,False,True,False,0.9331667186555453,0.8241687622971878,0.6271478711718189,0.6899597714274329,0.3333333333333333,1.0,52480.0,1.0,52480.0,0.7675,0.434,0.5920000000000001,0.186,0.11799999999999988,0,0,0,0,0,0,0.42028025295635807,0.5,0.5,0.026419269492128354,0.03519468720822787,primary,True
3751,Alone,MPH,1211,0.6189404180482511,0.7523790393414777,0.08518593287534452,0.8,0.2,0.6422322996705121,False,True,False,0.9128530388393794,0.741528901254112,0.7007458075510344,0.5974033485973921,0.3333333333333333,1.0,166301.0,1.0,0.0,0.7675,0.434,0.5920000000000001,0.08400000000000002,0.17799999999999994,0,0,0,0,0,0,0.41878248610841107,0.5,0.5,0.026419269492128354,0.03519468720822787,primary,True
5234,Falling Asleep,Dominic Fike,524,0.591297058840415,0.7069935756169923,0.12851099173410527,0.8,0.2,0.6311361263613467,True,False,False,0.9592720672684406,0.5700004636356326,0.5889719503342872,0.6583528401493346,0.14285714285714285,1.0,55659.5,0.5,0.0,0.7675,0.434,0.5920000000000001,0.296,0.007999999999999896,0,0,0,0,0,0,0.4177522836755488,0.5,0.5,0.026419269492128354,0.03519468720822787,primary,True
1908,Beg,Leon Thomas,1121,0.5838348025063987,0.6947315494457246,0.14024781474909556,0.8,0.2,0.6488811064015704,True,False,False,0.9647774181625635,0.523278126091479,0.6064669337789265,0.6722928194817067,0.0,1.0,71823.0,0.6666666666666666,71823.0,0.7675,0.434,0.5920000000000001,0.296,0.07799999999999996,0,0,0,0,0,0,0.41748968209741005,0.5,0.5,0.026419269492128354,0.03519468720822787,primary,True
1324,ON MY MIND,Simmer Pine,1731,0.5819317105478999,0.6917793178072347,0.1425412815105607,0.8,0.2,0.6515293607747533,True,False,False,0.9513849918912679,0.5700004636356326,0.5722106851923219,0.6583528401493346,0.14285714285714285,1.0,74061.66666666667,0.6666666666666666,74061.66666666667,0.7675,0.434,0.5920000000000001,0.35600000000000004,0.04200000000000004,0,0,0,0,0,0,0.41716029965889767,0.5,0.5,0.026419269492128354,0.03519468720822787,primary,True
6268,"New Person, Same Old Mistakes",Tame Impala,1840,0.6640516978930092,0.829856140860354,0.0008339260236298256,0.8,0.2,0.6863468407738649,True,True,False,0.9557710478141961,0.8548065843338342,0.5573143513812866,0.737616032021815,0.6,1.0,814.0,1.0,814.0,0.7675,0.434,0.5920000000000001,0.055999999999999994,0.21799999999999997,0,0,0,0,0,0,0.4153450334419919,0.5,0.5,0.026419269492128354,0.03519468720822787,primary,True
6856,Hollaback Girl,Gwen Stefani,745,0.6453235833114047,0.8003539338615859,0.025202181110679747,0.8,0.2,0.661561082194119,False,True,False,0.8906452710827899,0.8936922332636201,0.6666355091355883,0.6977386540671887,0.6,1.0,24600.0,1.0,24599.999999999996,0.7675,0.434,0.5920000000000001,0.446,0.32799999999999996,0,0,0,0,0,0,0.41277805748613283,0.5,0.5,0.026419269492128354,0.03519468720822787,primary,True
3272,Gypsy Woman (She's Homeless) (La Da Dee La Da Da) - Basement Boy Strip To The Bone Mix,Crystal Waters,435,0.6094996459665316,0.7412587316292033,0.08246330331584464,0.8,0.2,0.6680361837603411,False,True,False,0.9422518624102529,0.7970512627760734,0.5130889818019914,0.6539545871680881,0.3333333333333333,1.0,63375.25,0.75,0.0,0.7675,0.434,0.5920000000000001,0.254,0.04799999999999993,0,0,0,0,0,0,0.41186101747252396,0.5,0.5,0.026419269492128354,0.03519468720822787,primary,True
6188,Cold Water,Major Lazer,1230,0.6475131222482016,0.8053805678714181,0.016043339755335166,0.8,0.2,0.6704010044941372,False,True,False,0.9083251156828265,0.8936922332636201,0.6258229827416283,0.6977386540671887,0.6,1.0,15660.0,1.0,15660.000000000002,0.7675,0.434,0.5920000000000001,0.066,0.20799999999999996,0,0,0,0,0,0,0.4107119538133766,0.5,0.5,0.026419269492128354,0.03519468720822787,primary,True
5726,Kahlil Gibran,STRFKR,1651,0.6527428503723123,0.8158215048704649,0.0004282323797018104,0.8,0.2,0.6898303265601778,False,True,False,0.9627380193868221,0.8548065843338342,0.4980591257784569,0.737616032021815,0.6,1.0,836.0,1.0,0.0,0.7675,0.434,0.5920000000000001,0.08400000000000002,0.04799999999999993,0,0,0,0,0,0,0.40812486862508335,0.5,0.5,0.026419269492128354,0.03519468720822787,primary,True
3521,Some Type Of Love,Brett Frigo,289,0.5983931477276291,0.725509100057348,0.08992933840875285,0.8,0.2,0.6494739119789436,True,True,False,0.9568438998585665,0.6677598102483014,0.5962742180365409,0.4914913893862065,0.3333333333333333,1.0,45413.666666666664,0.6666666666666666,0.0,0.7675,0.434,0.5920000000000001,0.08600000000000002,0.02200000000000013,0,0,0,0,0,0,0.40771921923305043,0.5,0.5,0.026419269492128354,0.03519468720822787,primary,True
6463,Pumped Up Kicks,Foster The People,654,0.6471619592333435,0.8087936547623642,0.0006351771172610505,0.8,0.2,0.6546709364666107,False,True,False,0.8924192391996877,0.8548065843338342,0.6953334101518437,0.737616032021815,0.6,1.0,620.0,1.0,620.0,0.7675,0.434,0.5920000000000001,0.536,0.11799999999999988,0,0,0,0,0,0,0.4047144159398126,0.5,0.5,0.026419269492128354,0.03519468720822787,primary,True
666,Calling All My Lovelies,Bruno Mars,297,0.599964203826314,0.7311340662616616,0.07528475408492363,0.8,0.2,0.6365960098101741,False,True,False,0.8611189354334242,0.7970512627760734,0.7352670325493449,0.6539545871680881,0.3333333333333333,1.0,49083.25,0.875,49083.25,0.7675,0.434,0.5920000000000001,0.436,0.11799999999999988,0,0,0,0,0,0,0.4032094101732926,0.5,0.5,0.026419269492128354,0.03519468720822787,primary,True
4347,Lakitu,Oppidan,1437,0.5885218444223995,0.7129237801049367,0.09091410169225048,0.8,0.2,0.6222804529683518,False,True,False,0.904868109135752,0.6617319920023789,0.6914874864292486,0.5698686479294935,0.3333333333333333,1.0,79873.0,0.75,0.0,0.7675,0.434,0.5920000000000001,0.006000000000000005,0.19799999999999995,0,0,0,0,0,0,0.4019189408985936,0.5,0.5,0.026419269492128354,0.03519468720822787,primary,True
1771,Paradise,The Neighbourhood,1893,0.6425486989384253,0.8031397720725852,0.000184406401785478,0.8,0.2,0.6628799048419095,False,True,False,0.9088371759502855,0.8548065843338342,0.6296097931373916,0.737616032021815,0.6,1.0,180.0,1.0,180.0,0.7675,0.434,0.5920000000000001,0.134,0.1279999999999999,0,0,0,0,0,0,0.4016620892371854,0.5,0.5,0.026419269492128354,0.03519468720822787,primary,True
1816,Versace on the Floor,Bruno Mars,297,0.6195059743607362,0.7689578521317312,0.02169846327675598,0.8,0.2,0.6668470635249811,False,True,False,0.9398736219395329,0.7970512627760734,0.5950696660027397,0.6539545871680881,0.3333333333333333,1.0,21180.0,1.0,21180.0,0.7675,0.434,0.5920000000000001,0.134,0.02200000000000013,0,0,0,0,0,0,0.39532815770424357,0.5,0.5,0.026419269492128354,0.03519468720822787,primary,True
6217,Summertime Sadness,Lana Del Rey,1095,0.6298908566243003,0.7865760025769166,0.003150272813834983,0.8,0.2,0.6592353802358893,False,True,False,0.8859938671663308,0.8936922332636201,0.6437969433053653,0.6977386540671887,0.6,1.0,3075.0,1.0,3074.9999999999995,0.7675,0.434,0.5920000000000001,0.194,0.05799999999999994,0,0,0,0,0,0,0.3948631376953758,0.5,0.5,0.026419269492128354,0.03519468720822787,primary,True
6602,I Wanna Dance with Somebody (Who Loves Me),Whitney Houston,2025,0.5886122878782294,0.7183492185180487,0.06966456531895213,0.8,0.2,0.6408726574785667,False,True,False,0.920348772512075,0.7159913561126461,0.6381064320015032,0.6384825955474482,0.14285714285714285,1.0,68000.0,1.0,68000.0,0.7675,0.434,0.5920000000000001,0.436,0.22799999999999987,0,0,0,0,0,0,0.3940068919185004,0.5,0.5,0.026419269492128354,0.03519468720822787,primary,True
1815,Perm,Bruno Mars,297,0.6285457893743921,0.7849565641146677,0.0029026904132896875,0.8,0.2,0.6684016258693791,True,True,False,0.9429827466283289,0.7970512627760734,0.6286370109773207,0.6539545871680881,0.3333333333333333,1.0,2833.3333333333335,1.0,2833.3333333333335,0.7675,0.434,0.5920000000000001,0.426,0.2779999999999999,0,0,0,0,0,0,0.39392962726397873,0.5,0.5,0.026419269492128354,0.03519468720822787,primary,True
6566,Tonight Tonight,Hot Chelle Rae,793,0.6255494255415492,0.7816909069412225,0.0009834999428558109,0.8,0.2,0.6719944995668153,False,True,False,0.9393214942147555,0.8241687622971878,0.5944616079745071,0.6899597714274329,0.3333333333333333,1.0,960.0,1.0,960.0,0.7675,0.434,0.5920000000000001,0.37600000000000006,0.18799999999999994,0,0,0,0,0,0,0.39133720344203915,0.5,0.5,0.026419269492128354,0.03519468720822787,primary,True
6843,La La La,Naughty Boy,1360,0.5868121157076177,0.7194106313451812,0.05641805315736314,0.8,0.2,0.6338959479947128,False,True,False,0.9123355033966748,0.7011409814818774,0.6624845123654565,0.556096515361686,0.3333333333333333,1.0,55070.0,1.0,55070.0,0.7675,0.434,0.5920000000000001,0.174,0.05799999999999994,0,0,0,0,0,0,0.3879143422512722,0.5,0.5,0.026419269492128354,0.03519468720822787,primary,True
6454,Blurred Lines,Robin Thicke,1602,0.6161382890999688,0.769798926526896,0.0014957393922598707,0.8,0.2,0.6645771935498782,False,True,False,0.9353338819893271,0.7970512627760734,0.6112959155254107,0.6539545871680881,0.3333333333333333,1.0,1460.0,1.0,1460.0000000000002,0.7675,0.434,0.5920000000000001,0.40599999999999997,0.007999999999999896,0,0,0,0,0,0,0.3856473329595779,0.5,0.5,0.026419269492128354,0.03519468720822787,primary,True
4640,You & I,Oppidan,1437,0.607916779217225,0.7568654800156152,0.012121976023663952,0.8,0.2,0.6531903280721328,False,True,False,0.934769095642621,0.741528901254112,0.6454514105411898,0.5974033485973921,0.3333333333333333,1.0,23664.666666666668,1.0,0.0,0.7675,0.434,0.5920000000000001,0.15599999999999997,0.21799999999999997,0,0,0,0,0,0,0.38449372801963955,0.5,0.5,0.026419269492128354,0.03519468720822787,primary,True
3667,Ordinary Pleasure,Toro y Moi,1943,0.612492314744779,0.7646511026174706,0.003857163254012585,0.8,0.2,0.6470183981687597,False,True,False,0.9502444092026674,0.6719809678371303,0.6314530594974008,0.6860680228733615,0.3333333333333333,1.0,7530.0,1.0,0.0,0.7675,0.434,0.5920000000000001,0.34600000000000003,0.18799999999999994,0,0,0,0,0,0,0.38425413293574157,0.5,0.5,0.026419269492128354,0.03519468720822787,primary,True
1817,Straight up & Down,Bruno Mars,297,0.6044075671976662,0.7518341408976085,0.014701272397896526,0.8,0.2,0.6430235146297555,False,True,False,0.8922265241490817,0.7970512627760734,0.6954169017914034,0.6539545871680881,0.3333333333333333,1.0,14350.0,1.0,14350.0,0.7675,0.434,0.5920000000000001,0.20600000000000002,0.1379999999999999,0,0,0,0,0,0,0.3832677066477525,0.5,0.5,0.026419269492128354,0.03519468720822787,primary,True
5932,The Sweet Escape,Gwen Stefani,745,0.5907205320621975,0.7312073661270133,0.028773195802934165,0.8,0.2,0.654179960286052,False,True,False,0.9353477361362853,0.7450304610895467,0.6272893498340071,0.4740779542157538,0.3333333333333333,1.0,6394.444444444444,0.8888888888888888,6394.444444444444,0.7675,0.434,0.5920000000000001,0.296,0.17799999999999994,0,0,0,0,0,0,0.3799902809649737,0.5,0.5,0.026419269492128354,0.03519468720822787,primary,True
4466,Lottery,Kali Uchis,1001,0.6067919137942615,0.7583471054463055,0.000571147186085543,0.8,0.2,0.6626958742902989,False,True,False,0.9411848361133702,0.7730172811680689,0.5619368277435361,0.8096426735365648,0.14285714285714285,1.0,1115.0,1.0,0.0,0.7675,0.434,0.5920000000000001,0.016000000000000014,0.052000000000000046,0,0,0,0,0,0,0.3794591263161955,0.5,0.5,0.026419269492128354,0.03519468720822787,primary,True
6024,Buttons,The Pussycat Dolls,1901,0.6059659652238951,0.7571577964019675,0.001198640511605516,0.8,0.2,0.6553722259274307,False,True,False,0.9375957542468231,0.7453717440200959,0.6389605967462071,0.5878117736081507,0.3333333333333333,1.0,1170.0,1.0,1170.0,0.7675,0.434,0.5920000000000001,0.02400000000000002,0.22799999999999987,0,0,0,0,0,0,0.3791782184567865,0.5,0.5,0.026419269492128354,0.03519468720822787,primary,True
3333,Armed & Dangerous,Oppidan,1437,0.5988421472845222,0.7456356511377799,0.011668131871491955,0.8,0.2,0.6534449585415344,False,True,False,0.935278356581424,0.741528901254112,0.6136134862200969,0.5974033485973921,0.3333333333333333,1.0,22778.666666666668,1.0,0.0,0.7675,0.434,0.5920000000000001,0.326,0.31799999999999995,0,0,0,0,0,0,0.3786518915046359,0.5,0.5,0.026419269492128354,0.03519468720822787,primary,True
6239,We Are Young (feat. Janelle Monáe),fun.,2128,0.6043523647578468,0.7550665210992435,0.0014957393922598707,0.8,0.2,0.6627642522167881,False,True,False,0.9202011961501504,0.8258182707085648,0.5441427641229453,0.6103248246154821,0.6,1.0,1460.0,1.0,1460.0000000000002,0.7675,0.434,0.5920000000000001,0.306,0.04799999999999993,0,0,0,0,0,0,0.3782811302457517,0.5,0.5,0.026419269492128354,0.03519468720822787,primary,True
6940,The Greatest,Sia,1726,0.6006463410751548,0.7505594901609826,0.000993744731843892,0.8,0.2,0.6436410132644709,False,True,False,0.8826145216100667,0.8241687622971878,0.6849062303560556,0.6899597714274329,0.3333333333333333,1.0,970.0,1.0,970.0,0.7675,0.434,0.5920000000000001,0.25599999999999995,0.19799999999999995,0,0,0,0,0,0,0.3757766174464132,0.5,0.5,0.026419269492128354,0.03519468720822787,primary,True
6110,Walking On A Dream,Empire Of The Sun,593,0.5902176593597943,0.7333471790393075,0.017699580641741625,0.8,0.2,0.6404441042538211,False,True,False,0.9078760240718237,0.7450304610895467,0.71752876826312,0.4740779542157538,0.3333333333333333,1.0,17276.666666666668,1.0,17276.666666666668,0.7675,0.434,0.5920000000000001,0.296,0.10799999999999987,0,0,0,0,0,0,0.37552337984052453,0.5,0.5,0.026419269492128354,0.03519468720822787,primary,True
2360,The Nights,Avicii,164,0.5960556698704795,0.7436319872733469,0.00575040025900999,0.8,0.2,0.6602007198670322,False,True,False,0.9472527421260261,0.7453717440200959,0.5728056312087038,0.5878117736081507,0.3333333333333333,1.0,5613.0,1.0,5613.0,0.7675,0.434,0.5920000000000001,0.21600000000000003,0.2479999999999999,0,0,0,0,0,0,0.37469119376617843,0.5,0.5,0.026419269492128354,0.03519468720822787,primary,True
6567,Somebody To Love,Justin Bieber,975,0.5958402289953206,0.7446927159097758,0.0004302813374994266,0.8,0.2,0.6555820876333486,False,True,False,0.9497676328216387,0.7159913561126461,0.618661736913814,0.6384825955474482,0.14285714285714285,1.0,420.0,1.0,420.0,0.7675,0.434,0.5920000000000001,0.22600000000000003,0.23799999999999988,0,0,0,0,0,0,0.37256149862363763,0.5,0.5,0.026419269492128354,0.03519468720822787,primary,True
3061,Slipping Away,LEISURE,1081,0.5959501081058246,0.7449376350822807,2.000000165480742e-10,0.8,0.2,0.6380827768352498,False,True,False,0.8869618321671131,0.7855093037584667,0.5552269658083401,0.8199633736219187,0.6,1.0,0.0,1.0,0.0,0.7675,0.434,0.5920000000000001,0.336,0.04200000000000004,0,0,0,0,0,0,0.37246881764114037,0.5,0.5,0.026419269492128354,0.03519468720822787,primary,True
1745,Worldwide,Big Time Rush,235,0.5926713672079266,0.7395673184070379,0.005087562411481136,0.8,0.2,0.6546918395000789,False,True,False,0.9479871365550995,0.7159913561126461,0.610320048519765,0.6384825955474482,0.14285714285714285,1.0,4966.0,1.0,4966.0,0.7675,0.434,0.5920000000000001,0.186,0.17799999999999994,0,0,0,0,0,0,0.3723274404092595,0.5,0.5,0.026419269492128354,0.03519468720822787,primary,True
6538,Apologize,OneRepublic,1433,0.5913194148309244,0.7387215485484032,0.0017108799610095755,0.8,0.2,0.6528876456058577,True,False,False,0.9638707414199501,0.667261374479413,0.5423407635442905,0.7577640983570066,0.14285714285714285,1.0,1670.0,1.0,1670.0,0.7675,0.434,0.5920000000000001,0.066,0.1479999999999999,0,0,0,0,0,0,0.3702162142547064,0.5,0.5,0.026419269492128354,0.03519468720822787,primary,True
4260,no free events! (8_19_22),Wavehouse,2018,0.5827150115306713,0.7250366750718071,0.01342835736612744,0.8,0.2,0.6452979544741039,False,True,False,0.9504134477327663,0.6629561530386038,0.5593486812400097,0.6228791429607778,0.3333333333333333,1.0,26215.0,1.0,0.0,0.7675,0.434,0.5920000000000001,0.16599999999999998,0.012000000000000122,0,0,0,0,0,0,0.3692325162189673,0.5,0.5,0.026419269492128354,0.03519468720822787,primary,True
6034,Dark Red,Steve Lacy,1782,0.5900922172168663,0.7374154980858154,0.0007990937410703495,0.8,0.2,0.6306588297463456,True,False,False,0.9615632929321345,0.5618859164013915,0.6150132390932644,0.7808252893174736,0.14285714285714285,1.0,780.0,1.0,780.0000000000001,0.7675,0.434,0.5920000000000001,0.34600000000000003,0.18799999999999994,0,0,0,0,0,0,0.3691072959134429,0.5,0.5,0.026419269492128354,0.03519468720822787,primary,True
5435,Greener,FKJ,620,0.588904710745774,0.7360416306581588,0.00035703109623464607,0.8,0.2,0.6361310902703378,False,True,False,0.9014881882127124,0.7394349808199079,0.5916951443250503,0.6633776593136836,0.6,1.0,697.0,1.0,0.0,0.7675,0.434,0.5920000000000001,0.11600000000000005,0.08200000000000007,0,0,0,0,0,0,0.3681993308771967,0.5,0.5,0.026419269492128354,0.03519468720822787,primary,True
4744,People Everywhere (Still Alive),Khruangbin,1036,0.5843993982586612,0.7295512206123418,0.0037921088439382697,0.8,0.2,0.6423205920866676,False,True,False,0.9348306596196704,0.6870263113841624,0.525856340796396,0.630758275599903,0.6,1.0,7403.0,1.0,0.0,0.7675,0.434,0.5920000000000001,0.37600000000000006,0.05799999999999994,0,0,0,0,0,0,0.36667166472814006,0.5,0.5,0.026419269492128354,0.03519468720822787,primary,True
1747,Til I Forget About You,Big Time Rush,235,0.5827470771388331,0.7269852332106268,0.005794452851658739,0.8,0.2,0.6542570073226721,False,True,False,0.9471174722002859,0.7159913561126461,0.5790768506525175,0.6384825955474482,0.14285714285714285,1.0,5656.0,1.0,5656.0,0.7675,0.434,0.5920000000000001,0.11600000000000005,0.2779999999999999,0,0,0,0,0,0,0.36638984303114275,0.5,0.5,0.026419269492128354,0.03519468720822787,primary,True
1818,Too Good to Say Goodbye,Bruno Mars,297,0.5823140268668712,0.7268936666072511,0.003995467905351682,0.8,0.2,0.661835823319456,False,True,False,0.9298511415284827,0.7970512627760734,0.5124956144824162,0.6539545871680881,0.3333333333333333,1.0,3900.0,1.0,3900.0000000000005,0.7675,0.434,0.5920000000000001,0.0040000000000000036,0.03799999999999992,0,0,0,0,0,0,0.36544456725630137,0.5,0.5,0.026419269492128354,0.03519468720822787,primary,True
6033,Stargirl Interlude,The Weeknd,1915,0.5831994180504513,0.7288353558892547,0.0006556666952372128,0.8,0.2,0.634489975762676,False,True,False,0.9268760274260313,0.6677598102483014,0.6973872052757034,0.4914913893862065,0.3333333333333333,1.0,640.0,1.0,640.0,0.7675,0.434,0.5920000000000001,0.006000000000000005,0.12200000000000011,0,0,0,0,0,0,0.36474551129224597,0.5,0.5,0.026419269492128354,0.03519468720822787,primary,True
3394,meditation,VAKE,1981,0.5825239915735461,0.7277895065697827,0.0014619315885992027,0.8,0.2,0.6509982042285861,False,True,False,0.9598924843578517,0.6677598102483014,0.5930475498694501,0.4914913893862065,0.3333333333333333,1.0,2854.0,1.0,0.0,0.7675,0.434,0.5920000000000001,0.196,0.2479999999999999,0,0,0,0,0,0,0.36462571907919095,0.5,0.5,0.026419269492128354,0.03519468720822787,primary,True
6349,Rock Your Body,Justin Timberlake,976,0.5825015888276769,0.7278093975259655,0.0012703540345220844,0.8,0.2,0.6316088346615014,False,True,False,0.8900689717149645,0.7453717440200959,0.705984033541107,0.5878117736081507,0.3333333333333333,1.0,1240.0,1.0,1240.0,0.7675,0.434,0.5920000000000001,0.38599999999999995,0.11799999999999988,0,0,0,0,0,0,0.3645398757802438,0.5,0.5,0.026419269492128354,0.03519468720822787,primary,True
6926,Break Your Heart,Taio Cruz,1837,0.5818300710179677,0.7272107528050489,0.0003073438696424523,0.8,0.2,0.6523519183876985,False,True,False,0.9433072943303386,0.7159913561126461,0.5914004733365507,0.6384825955474482,0.14285714285714285,1.0,300.0,1.0,300.0,0.7675,0.434,0.5920000000000001,0.196,0.30799999999999994,0,0,0,0,0,0,0.3637590483373457,0.5,0.5,0.026419269492128354,0.03519468720822787,primary,True
