track_id,track_name,artist_name,artist_id,hybrid_score,s_content,s_collab,w_content,w_collab,pre_score,from_content,from_tag,from_neighbor,long_term_sim,tag_cosine,mood_sim,cluster_tag_sim,tag_jaccard,group_listener_count,group_avg_ms,group_skip_rate,weighted_nbr_avg_ms,recent_skip_pct,recent_avg_valence,recent_avg_energy,valence_delta,energy_delta,tod_morning,tod_afternoon,tod_evening,tod_night,platform_mobile,platform_desktop,map_score,map_w_content,map_w_collab,ap_before,ap_after,map_tier,map_improved,like_sim,dislike_sim,feedback_score,feedback_applied
1064,SUMMERIDE,Jay Park,896,0.7548835650608821,0.8639033659175968,0.31880436163402276,0.8,0.2,0.722867675630274,False,True,False,0.9379905654058357,0.8096767692435114,0.728153909568567,0.7961941804520483,0.6,1.0,156463.3,0.375,156463.3,0.9630188679245283,0.639,0.776,0.05900000000000005,0.04399999999999993,0,0,0,0,0,0,0.7548835650608821,0.8,0.2,0.0,0.0,defaults,False,0.9333871066574684,0.9685308172373523,0.8411935336106521,True
3073,Sundress,A$AP Rocky,45,0.7318804749198985,0.8158598513722803,0.39596296911037127,0.8,0.2,0.739260216982554,True,False,False,0.9771584608478721,0.6722992338201954,0.6449939152021998,0.6902162513718697,0.6,1.0,158206.0,0.0,158206.0,0.9630188679245283,0.639,0.776,0.10099999999999998,0.06600000000000006,0,0,0,0,0,0,0.7318804749198985,0.8,0.2,0.0,0.0,defaults,False,0.9883437504267031,0.9579382590591715,0.8367959482360751,True
573,Late Night,Loco,1157,0.7311502049369388,0.8596166599209922,0.21728438500072517,0.8,0.2,0.7195668548616927,True,False,False,0.9694305681061706,0.7448154581379083,0.7002864057985474,0.7555884832616567,0.6,1.0,85716.44444444444,0.4444444444444444,85716.44444444444,0.9630188679245283,0.639,0.776,0.16100000000000003,0.134,0,0,0,0,0,0,0.7311502049369388,0.8,0.2,0.0,0.0,defaults,False,0.9869388245335127,0.954532293415899,0.8363253936138128,True
4436,Time of Our Lives,Pitbull,1506,0.7282493232101988,0.7892870617166996,0.4840983691841951,0.8,0.2,0.7125385339368586,False,True,False,0.9249164732363366,0.7065071855663458,0.6442148458274845,0.7799714223764935,0.6,1.0,229360.0,0.0,229360.00000000003,0.9630188679245283,0.639,0.776,0.08099999999999996,0.02400000000000002,0,0,0,0,0,0,0.7282493232101988,0.8,0.2,0.0,0.0,defaults,False,0.9522452211490569,0.9029137905831947,0.8333401314382768,True
407,Best Friend,Pharrell Williams,1489,0.7242172254338918,0.8418550184849453,0.2536660532296774,0.8,0.2,0.7333140585843384,True,True,False,0.97259193060033,0.8540365496967641,0.6017169148088981,0.8107230430474032,0.3333333333333333,1.0,133028.88888888888,0.5555555555555556,133028.88888888888,0.9630188679245283,0.639,0.776,0.019000000000000017,0.026000000000000023,0,0,0,0,0,0,0.7242172254338918,0.8,0.2,0.0,0.0,defaults,False,0.9759114780229905,0.956117959520416,0.8257670769367056,True
4726,Blue Hair,TV Girl,1828,0.719197625974465,0.7817998902975084,0.46878856868229124,0.8,0.2,0.7218488943804927,True,True,False,0.9641407601029665,0.6549982706179416,0.6628749978297014,0.7137404461595462,0.3333333333333333,1.0,217000.0,0.0,216999.99999999997,0.9630188679245283,0.639,0.776,0.241,0.05600000000000005,0,0,0,0,0,0,0.719197625974465,0.8,0.2,0.0,0.0,defaults,False,0.9796719220362708,0.9499847594364602,0.8231022506980542,True
1029,That Girl,Pharrell Williams,1489,0.7145535664384602,0.8366759663030173,0.22606396698023157,0.8,0.2,0.7483021989780592,False,True,False,0.957481089426951,0.8540365496967641,0.6292461541808994,0.8107230430474032,0.3333333333333333,2.0,56668.27272727273,0.8181818181818181,88166.54545454547,0.9630188679245283,0.639,0.776,0.06099999999999994,0.02400000000000002,0,0,0,0,0,0,0.7145535664384602,0.8,0.2,0.0,0.0,defaults,False,0.9760547346091647,0.9377694303763463,0.8198161007459404,True
2180,Didn't Cha Know,Erykah Badu,601,0.7309687933798664,0.7906690906189517,0.4921676044235251,0.8,0.2,0.8491968855853265,False,True,False,0.9118368022433525,0.7664279469823199,0.7220220459770693,0.7593543423278551,0.3333333333333333,4.0,77722.2697368421,0.5855263157894737,98715.38490600948,0.9630188679245283,0.639,0.776,0.18099999999999994,0.29600000000000004,0,0,0,0,0,0,0.7309687933798664,0.8,0.2,0.0,0.0,defaults,False,0.915301703969836,0.9474739162329487,0.8160645213242276,True
1664,Crazy,Gnarls Barkley,723,0.7125513706419153,0.8629658710423214,0.11089336904029069,0.8,0.2,0.7362231387150696,False,True,False,0.9708644039342332,0.8789546837397653,0.6164460863798397,0.8719402717051657,0.3333333333333333,2.0,6883.0,1.0,10706.0,0.9630188679245283,0.639,0.776,0.029000000000000026,0.03600000000000003,0,0,0,0,0,0,0.7125513706419153,0.8,0.2,0.0,0.0,defaults,False,0.9740247842787431,0.9503856458639581,0.8146816767527465,True
1977,15,pH-1,2169,0.7096438614336597,0.8219669316664584,0.26035158050246404,0.8,0.2,0.7158887458754111,True,False,False,0.9717520459698125,0.7448154581379083,0.5870367322571013,0.7555884832616567,0.6,1.0,129456.0,0.5,129456.0,0.9630188679245283,0.639,0.776,0.119,0.006000000000000005,0,0,0,0,0,0,0.7096438614336597,0.8,0.2,0.0,0.0,defaults,False,0.9592851583033944,0.9443117909977815,0.8085670507251217,True
375,One Nation,Jay Park,896,0.7014734802853783,0.8341313839228166,0.1708418657356247,0.8,0.2,0.7062769606364871,True,False,False,0.9699483279971339,0.7448154581379083,0.6265708130931332,0.7555884832616567,0.6,1.0,73339.0,0.6,73339.0,0.9630188679245283,0.639,0.776,0.0010000000000000009,0.07399999999999995,0,0,0,0,0,0,0.7014734802853783,0.8,0.2,0.0,0.0,defaults,False,0.9788871324133008,0.9510594376252072,0.804927732484327,True
495,TMI,GRAY,694,0.7045529768804802,0.8318253354198883,0.19546354272284755,0.8,0.2,0.7121132072916503,True,False,False,0.9766437205916976,0.7448154581379083,0.6013263979792395,0.7555884832616567,0.6,1.0,88603.42857142857,0.5714285714285714,88603.42857142857,0.9630188679245283,0.639,0.776,0.009000000000000008,0.04600000000000004,0,0,0,0,0,0,0.7045529768804802,0.8,0.2,0.0,0.0,defaults,False,0.9684116867330821,0.9536908805308895,0.8043383067942269,True
781,Pick Up The Phone,Ciara,384,0.6970499118739253,0.8094799949731926,0.24732957947685608,0.8,0.2,0.7241158649613657,False,True,False,0.9470613252268737,0.8476778554250279,0.59749937179304,0.7878980033553121,0.3333333333333333,1.0,118943.0,0.5,118943.0,0.9630188679245283,0.639,0.776,0.129,0.22599999999999998,0,0,0,0,0,0,0.6970499118739253,0.8,0.2,0.0,0.0,defaults,False,0.9636531853757629,0.9221981644718142,0.8017062345922913,True
862,Jigoobon Music (Feat. Kero One),Dynamicduo,548,0.6998994780205359,0.8296546241917946,0.1808788933355009,0.8,0.2,0.7017714652646471,True,False,False,0.9725505722568999,0.7448154581379083,0.6066060119894143,0.7555884832616567,0.6,1.0,92206.5,0.6666666666666666,92206.5,0.9630188679245283,0.639,0.776,0.179,0.15400000000000003,0,0,0,0,0,0,0.6998994780205359,0.8,0.2,0.0,0.0,defaults,False,0.9689067191333186,0.9497711474346181,0.8006172642736078,True
782,ON IT (Feat. DJ Wegun),Jay Park,896,0.7007977159423375,0.8357618495944801,0.16094118133376714,0.8,0.2,0.6826501634051017,True,True,False,0.9653196569108407,0.8124516747484067,0.5674755851603968,0.800885732289965,0.6,1.0,129932.0,1.0,129932.0,0.9630188679245283,0.639,0.776,0.189,0.07600000000000007,0,0,0,0,0,0,0.7007977159423375,0.8,0.2,0.0,0.0,defaults,False,0.951286934101014,0.9329986605714081,0.79958406405836,True
1441,SUMMER HOLiDAY (`97 In Love),KIRIN,990,0.6966977736522231,0.8294142434252487,0.16583189456011982,0.8,0.2,0.7010409877176514,True,False,False,0.9710896171629086,0.7448154581379083,0.6100058707606153,0.7555884832616567,0.6,1.0,80058.66666666667,0.6666666666666666,80058.66666666667,0.9630188679245283,0.639,0.776,0.029000000000000026,0.16399999999999992,0,0,0,0,0,0,0.6966977736522231,0.8,0.2,0.0,0.0,defaults,False,0.9726916304857253,0.9505779204171979,0.7983896787145011,True
882,Whatever You Do,Crush,433,0.6923804688835425,0.8358818914582307,0.1183747785847899,0.8,0.2,0.6881589548461189,False,True,False,0.9294949975220169,0.8503761326747827,0.6253259229758242,0.8254559245260098,0.6,1.0,66209.72727272728,0.8181818181818182,66209.72727272728,0.9630188679245283,0.639,0.776,0.10099999999999998,0.08399999999999996,0,0,0,0,0,0,0.6923804688835425,0.8,0.2,0.0,0.0,defaults,False,0.9553227899102358,0.9071939762303073,0.7975385106105518,True
2986,You Know What,N.E.R.D,1340,0.7112913339469249,0.8388710035899644,0.200972655374767,0.8,0.2,0.7047045115898662,False,True,False,0.9177944033010269,0.8540365496967641,0.7463444779469873,0.8107230430474032,0.3333333333333333,2.0,1278.5,0.5,292.0,0.9630188679245283,0.639,0.776,0.30099999999999993,0.014000000000000012,0,0,0,0,0,0,0.7112913339469249,0.8,0.2,0.0,0.0,defaults,False,0.9219033408376869,0.9563371488368846,0.796594906430854,True
919,SEATTLE 2 SEOUL,Jay Park,896,0.7097222320563212,0.8284219149094589,0.2349235006437701,0.8,0.2,0.700334913858577,False,True,False,0.9135898952919451,0.8124516747484067,0.691180475161465,0.800885732289965,0.6,1.0,108927.25,0.5,108927.24999999999,0.9630188679245283,0.639,0.776,0.09899999999999998,0.06600000000000006,0,0,0,0,0,0,0.7097222320563212,0.8,0.2,0.0,0.0,defaults,False,0.9109178448130137,0.9336639507317283,0.7962647953538796,True
971,Missing You (Feat. Kim Yuna),G-DRAGON,682,0.6895349841451711,0.8178636193720461,0.17622044323767086,0.8,0.2,0.6920740446486164,True,False,False,0.973025601997784,0.6819439227470836,0.6678624893043977,0.6627078826625462,0.6,1.0,83552.72727272728,0.6363636363636364,83552.72727272728,0.9630188679245283,0.639,0.776,0.14100000000000001,0.014000000000000012,0,0,0,0,0,0,0.6895349841451711,0.8,0.2,0.0,0.0,defaults,False,0.9889879224325728,0.9566366802131077,0.7949040248323214,True
551,Mutan,Drunken Tiger,540,0.6904156795784985,0.839828583660065,0.09276406325223276,0.8,0.2,0.6810369930279749,True,False,False,0.9660875232980237,0.7153668943689689,0.6864610452086082,0.7367366375211161,0.6,1.0,42597.8,0.8,42597.8,0.9630188679245283,0.639,0.776,0.20099999999999996,0.17399999999999993,0,0,0,0,0,0,0.6904156795784985,0.8,0.2,0.0,0.0,defaults,False,0.978251367498006,0.9499956434158042,0.7938919611447395,True
576,LOVE STORY,Epik High,596,0.6923740251834122,0.8383800537643908,0.10834991085949691,0.8,0.2,0.6865990870284759,True,False,False,0.9705603685361187,0.7465117950305449,0.6328134296480599,0.7611792692382244,0.6,1.0,60562.833333333336,0.8333333333333334,60562.833333333336,0.9630188679245283,0.639,0.776,0.121,0.08399999999999996,0,0,0,0,0,0,0.6923740251834122,0.8,0.2,0.0,0.0,defaults,False,0.9758523387571839,0.9578545167169222,0.7935588234671829,True
2278,Lovely,Crush,433,0.6863536385433735,0.8562788414444327,0.006652826939136359,0.8,0.2,0.6753500303914015,False,True,False,0.93554960771289,0.8503761326747827,0.6662510314489346,0.8254559245260098,0.6,1.0,5371.0,1.0,5371.0,0.9630188679245283,0.639,0.776,0.02100000000000002,0.08399999999999996,0,0,0,0,0,0,0.6863536385433735,0.8,0.2,0.0,0.0,defaults,False,0.9611650136230432,0.9133122474776489,0.7920406931347567,True
2277,I Fancy You,Crush,433,0.7051128278726484,0.8800778519295294,0.005252731645124609,0.8,0.2,0.6795118029515662,False,True,False,0.9438731528332195,0.8503761326747827,0.7104846442701472,0.8254559245260098,0.6,1.0,4240.666666666667,1.0,4240.666666666667,0.9630188679245283,0.639,0.776,0.019000000000000017,0.026000000000000023,0,0,0,0,0,0,0.7051128278726484,0.8,0.2,0.0,0.0,defaults,False,0.9342568152040462,0.9717848240614677,0.7910329076215687,True
2666,Yeah You,N.E.R.D,1340,0.685732617061001,0.8568632293043587,0.0012101680875695952,0.8,0.2,0.6890513708442206,True,True,False,0.9614881218097355,0.8540365496967641,0.675297024791454,0.8107230430474032,0.3333333333333333,1.0,977.0,1.0,977.0,0.9630188679245283,0.639,0.776,0.261,0.08600000000000008,0,0,0,0,0,0,0.685732617061001,0.8,0.2,0.0,0.0,defaults,False,0.9838497559770631,0.9520966197337938,0.7904682199073612,True
1809,Just the Way You Are,Bruno Mars,297,0.6865630467107651,0.8325292564146703,0.10269820789514406,0.8,0.2,0.7278563369200046,False,True,False,0.9640980539613035,0.8540365496967641,0.5990012450475248,0.8107230430474032,0.3333333333333333,2.0,1906.6666666666665,1.0,2450.0,0.9630188679245283,0.639,0.776,0.21900000000000003,0.06399999999999995,0,0,0,0,0,0,0.6865630467107651,0.8,0.2,0.0,0.0,defaults,False,0.9653936794134557,0.9319667489126132,0.7897878007522791,True
105,Hug Me,Crush,433,0.7072699228542576,0.8212297413344949,0.2514306489333086,0.8,0.2,0.6959918159440086,False,True,False,0.8897339162922578,0.8503761326747827,0.6948581765372928,0.8254559245260098,0.6,1.0,122253.9,0.5,122253.9,0.9630188679245283,0.639,0.776,0.339,0.11399999999999999,0,0,0,0,0,0,0.7072699228542576,0.8,0.2,0.0,0.0,defaults,False,0.8798998083260302,0.90791208443496,0.7896574484650747,True
2029,1000,N.E.R.D,1340,0.6847943634438771,0.8539592342953752,0.00813488003788457,0.8,0.2,0.6745826880274617,True,False,False,0.9753033691449043,0.7471550172750479,0.6737790466115637,0.7395387666399236,0.6,1.0,6567.5,1.0,6567.5,0.9630188679245283,0.639,0.776,0.08099999999999996,0.11399999999999999,0,0,0,0,0,0,0.6847943634438771,0.8,0.2,0.0,0.0,defaults,False,0.9832236648031942,0.9558471108493777,0.7885920407149599,True
1093,SHOOT!,ITZY,813,0.6859333062771718,0.8383232182502631,0.07637365838480625,0.8,0.2,0.6675884361994041,True,False,False,0.9740301146512207,0.7153668943689689,0.6600028090483661,0.7367366375211161,0.6,1.0,29365.4,0.8,29365.4,0.9630188679245283,0.639,0.776,0.271,0.016000000000000014,0,0,0,0,0,0,0.6859333062771718,0.8,0.2,0.0,0.0,defaults,False,0.9820682268158029,0.9645740295137998,0.7876389684191526,True
2276,I’m Fine,Crush,433,0.7014962826214924,0.8415197844109499,0.14140227546366235,0.8,0.2,0.6871563902994111,False,True,False,0.9010961525116782,0.8503761326747827,0.7206520626864921,0.8254559245260098,0.6,1.0,60336.0,0.6666666666666666,60335.99999999999,0.9630188679245283,0.639,0.776,0.22099999999999997,0.08399999999999996,0,0,0,0,0,0,0.7014962826214924,0.8,0.2,0.0,0.0,defaults,False,0.908502621406375,0.9340257448510092,0.787241920073203,True
841,Summer Go Loco (Feat. GRAY),Loco,1157,0.6864418657073517,0.8282624609665636,0.11915948467050333,0.8,0.2,0.6953629780600201,True,False,False,0.9742501416019538,0.7448154581379083,0.5979100918695595,0.7555884832616567,0.6,1.0,55834.25,0.75,55834.25,0.9630188679245283,0.639,0.776,0.139,0.10399999999999998,0,0,0,0,0,0,0.6864418657073517,0.8,0.2,0.0,0.0,defaults,False,0.9703371308544101,0.9518040051899496,0.7871822039256847,True
6579,Give It To Me,Timbaland,1925,0.6831858845346216,0.8510783685229595,0.011615948581269938,0.8,0.2,0.6880607007964565,False,True,False,0.9689437536400367,0.8304441198821908,0.6604087363452857,0.8039250777911549,0.3333333333333333,1.0,18755.714285714286,1.0,0.0,0.9630188679245283,0.639,0.776,0.18099999999999994,0.06600000000000006,0,0,0,0,0,0,0.6831858845346216,0.8,0.2,0.0,0.0,defaults,False,0.9816271845679184,0.9596635655608342,0.7857413267928303,True
550,A Little Bit,Crush,433,0.6810935871371706,0.818881175796524,0.12994323249975692,0.8,0.2,0.6926777726148394,False,True,False,0.9266554608968427,0.8503761326747827,0.5850495433096312,0.8254559245260098,0.6,1.0,64540.25,0.75,64540.25,0.9630188679245283,0.639,0.776,0.259,0.07600000000000007,0,0,0,0,0,0,0.6810935871371706,0.8,0.2,0.0,0.0,defaults,False,0.9398049282758443,0.8876746151236297,0.7855001425951978,True
6171,Am I Wrong,Nico & Vinz,1381,0.681394011856282,0.8517208382728781,8.670618989752985e-05,0.8,0.2,0.6955266768557344,False,True,False,0.9744387338327632,0.8540365496967641,0.6245341532399463,0.8107230430474032,0.3333333333333333,1.0,140.0,1.0,0.0,0.9630188679245283,0.639,0.776,0.121,0.09599999999999997,0,0,0,0,0,0,0.681394011856282,0.8,0.2,0.0,0.0,defaults,False,0.9813722469343136,0.9563956478272329,0.7845265563711294,True
2408,Frontin' (feat. JAY-Z) - Club Mix,Pharrell Williams,1489,0.7044933603027824,0.7656856728477061,0.45972411012308734,0.8,0.2,0.8416225114209465,False,True,True,0.9103929437256051,0.7885244988178253,0.6341496812498759,0.7659917582879401,0.3333333333333333,4.0,76592.20833333333,0.75,100574.04592879325,0.9630188679245283,0.639,0.776,0.121,0.376,0,0,0,0,0,0,0.7044933603027824,0.8,0.2,0.0,0.0,defaults,False,0.8955852523418455,0.9472624579132783,0.7837164444226804,True
470,You Can Do It Too,Pharrell Williams,1489,0.678971282418139,0.8024671009792734,0.184988008173601,0.8,0.2,0.7057356431425992,False,True,False,0.9450856592488663,0.8540365496967641,0.5668688454664719,0.8107230430474032,0.3333333333333333,1.0,103212.71428571429,0.7142857142857143,103212.71428571429,0.9630188679245283,0.639,0.776,0.041000000000000036,0.22599999999999998,0,0,0,0,0,0,0.678971282418139,0.8,0.2,0.0,0.0,defaults,False,0.962720670236969,0.9212476760773265,0.7835379482737644,True
496,Upside Down,Jay Park,896,0.679129358702568,0.8445071579071162,0.017618161884375306,0.8,0.2,0.6665885541317124,True,False,False,0.9720303505158373,0.7153668943689689,0.6831255290952598,0.7367366375211161,0.6,1.0,14223.6,1.0,14223.6,0.9630188679245283,0.639,0.776,0.271,0.15400000000000003,0,0,0,0,0,0,0.679129358702568,0.8,0.2,0.0,0.0,defaults,False,0.9875167524445515,0.9596485946271763,0.783454665510498,True
1225,Best Lover,88rising,34,0.6812839597826412,0.800704141562187,0.2036032326644574,0.8,0.2,0.717174251849783,True,True,False,0.9713559854008972,0.7885244988178253,0.5631380953091805,0.7659917582879401,0.3333333333333333,1.0,83641.58333333333,0.5,83641.58333333333,0.9630188679245283,0.639,0.776,0.119,0.11599999999999999,0,0,0,0,0,0,0.6812839597826412,0.8,0.2,0.0,0.0,defaults,False,0.969254395134089,0.949775592663057,0.7821051597902565,True
2448,Shake It,BIGBANG,179,0.6764203764001842,0.8388583991556107,0.026668285378478037,0.8,0.2,0.6647929461049275,True,False,False,0.9684391344622673,0.7153668943689689,0.6771401110929925,0.7367366375211161,0.6,1.0,21530.0,1.0,21530.0,0.9630188679245283,0.639,0.776,0.23099999999999998,0.134,0,0,0,0,0,0,0.6764203764001842,0.8,0.2,0.0,0.0,defaults,False,0.9848029474938839,0.9565270177120485,0.7805558571059397,True
4461,Who's Gonna Save My Soul - Original Mix,Gnarls Barkley,723,0.7003195708248057,0.8199946146593207,0.22161939548674559,0.8,0.2,0.7087390731354692,False,True,False,0.919617412569611,0.8789546837397653,0.6377617883188155,0.8719402717051657,0.3333333333333333,1.0,98186.5,0.5,98186.5,0.9630188679245283,0.639,0.776,0.039000000000000035,0.17600000000000005,0,0,0,0,0,0,0.7003195708248057,0.8,0.2,0.0,0.0,defaults,False,0.8989672474770675,0.9514933909742932,0.7797110668730672,True
2304,Give It to Me,Crush,433,0.6996131347738295,0.8341631410547345,0.16141310965020933,0.8,0.2,0.6770941342527813,False,True,False,0.9390378154356497,0.8503761326747827,0.5937919886892352,0.8254559245260098,0.6,1.0,130313.0,1.0,130313.0,0.9630188679245283,0.639,0.776,0.329,0.16600000000000004,0,0,0,0,0,0,0.6996131347738295,0.8,0.2,0.0,0.0,defaults,False,0.9014306682486868,0.9531188340593186,0.7794185684365718,True
667,MURDA (Feat. Dok2),Chancellor,350,0.6984286023496148,0.7973334344021821,0.3028092741393457,0.8,0.2,0.7142378371478516,False,True,False,0.9093862017197156,0.8198928063538147,0.6055226922797142,0.8075310998333662,0.6,1.0,136822.33333333334,0.3333333333333333,136822.33333333334,0.9630188679245283,0.639,0.776,0.469,0.19600000000000006,0,0,0,0,0,0,0.6984286023496148,0.8,0.2,0.0,0.0,defaults,False,0.8780585227176911,0.9135403163925354,0.779138095886415,True
748,Get Up (feat. Chamillionaire),Ciara,384,0.6922103021779681,0.8222340950381184,0.17211513073736645,0.8,0.2,0.7113942931366709,False,True,False,0.8963342613842977,0.8540365496967641,0.7591206626057679,0.8107230430474032,0.3333333333333333,2.0,28972.6,0.9,55175.2,0.9630188679245283,0.639,0.776,0.009000000000000008,0.14600000000000002,0,0,0,0,0,0,0.6922103021779681,0.8,0.2,0.0,0.0,defaults,False,0.9081566404882784,0.9295077429818205,0.7787557457280875,True
4187,Prototype,Outkast,1445,0.6840658615961717,0.7040574621946262,0.6040994592023534,0.8,0.2,0.7310805834456149,True,True,False,0.9291936469532572,0.7885244988178253,0.40686526468582795,0.7659917582879401,0.3333333333333333,1.0,326240.0,0.0,326240.0,0.9630188679245283,0.639,0.776,0.449,0.406,0,0,0,0,0,0,0.6840658615961717,0.8,0.2,0.0,0.0,defaults,False,0.9050171243352243,0.8868400984257947,0.77820297921158,True
491,Where U At,KillaGramz,1042,0.6758080229031261,0.8410140201510854,0.014984033911288852,0.8,0.2,0.6749705798320258,True,False,False,0.9770149764088882,0.7448154581379083,0.6263457491906008,0.7555884832616567,0.6,1.0,12097.0,1.0,12097.0,0.9630188679245283,0.639,0.776,0.019000000000000017,0.02400000000000002,0,0,0,0,0,0,0.6758080229031261,0.8,0.2,0.0,0.0,defaults,False,0.9765702062939351,0.9529443309831522,0.7781902185946763,True
4438,Down,Jay Sean,898,0.672107330389601,0.8104668259837889,0.11866934801284945,0.8,0.2,0.7153438452301655,False,True,False,0.9390730705816253,0.8540365496967641,0.6063513655797257,0.8107230430474032,0.3333333333333333,2.0,10446.5,1.0,19698.0,0.9630188679245283,0.639,0.776,0.06099999999999994,0.09599999999999997,0,0,0,0,0,0,0.672107330389601,0.8,0.2,0.0,0.0,defaults,False,0.9648663350473814,0.9187732616563317,0.7778125785725492,True
6178,Say My Name,Destiny's Child,505,0.6904985759787708,0.8543612699800702,0.035047799973573435,0.8,0.2,0.6797605498119912,False,True,False,0.9429064797452767,0.8540365496967641,0.7201142246443658,0.8107230430474032,0.3333333333333333,1.0,56590.0,1.0,0.0,0.9630188679245283,0.639,0.776,0.09099999999999997,0.09599999999999997,0,0,0,0,0,0,0.6904985759787708,0.8,0.2,0.0,0.0,defaults,False,0.9365803750423043,0.9736022354750052,0.7767522413964612,True
4240,Cooler Than Me - Single Mix,Mike Posner,1295,0.6924304659348034,0.7659485269065149,0.3983582220479568,0.8,0.2,0.750143728406611,False,True,False,0.9173157230080652,0.7260350334857866,0.6822214736889134,0.7326496742731049,0.3333333333333333,2.0,106986.5,0.5,213293.00000000003,0.9630188679245283,0.639,0.776,0.009000000000000008,0.04399999999999993,0,0,0,0,0,0,0.6924304659348034,0.8,0.2,0.0,0.0,defaults,False,0.9075598076598622,0.9413439718309341,0.7764296138665753,True
1987,"CHA CHA CYPHER (Feat. G2, GIRIBOY, VASCO, Dayday, Xitsuh & DJ Wegun)",Jay Park,896,0.6754887358556992,0.8437347786568641,0.0025045646510396154,0.8,0.2,0.6747090619325157,False,True,False,0.9494374539656687,0.8124516747484067,0.63445513870419,0.800885732289965,0.6,1.0,2022.0,1.0,2022.0,0.9630188679245283,0.639,0.776,0.11099999999999999,0.026000000000000023,0,0,0,0,0,0,0.6754887358556992,0.8,0.2,0.0,0.0,defaults,False,0.9543149264579688,0.9282363705824649,0.7761359396765969,True
2320,What Do You Want?,GD&TOP,685,0.6725795509477539,0.8388655241441396,0.0074356581622110505,0.8,0.2,0.667054871714195,True,False,False,0.9729629856808023,0.7153668943689689,0.6645219050771288,0.7367366375211161,0.6,1.0,6003.0,1.0,6003.0,0.9630188679245283,0.639,0.776,0.30099999999999993,0.14400000000000002,0,0,0,0,0,0,0.6725795509477539,0.8,0.2,0.0,0.0,defaults,False,0.9833584963994214,0.9634418028204249,0.7748987393034953,True
922,IS THIS LOVE,XG,2041,0.6726707847418075,0.8107507127514856,0.12035107270309488,0.8,0.2,0.7022704432005992,True,True,False,0.9705814556111452,0.7885244988178253,0.5937911859941674,0.7659917582879401,0.3333333333333333,1.0,56796.25,0.75,56796.25,0.9630188679245283,0.639,0.776,0.179,0.06600000000000006,0,0,0,0,0,0,0.6726707847418075,0.8,0.2,0.0,0.0,defaults,False,0.9662132907339545,0.9418369831697728,0.7741673753280394,True
1030,HOWLING,XG,2041,0.6761408079103559,0.7822000455932825,0.2519038571786493,0.8,0.2,0.7287846148256792,True,True,False,0.9655436238440744,0.7885244988178253,0.5269038144083497,0.7659917582879401,0.3333333333333333,1.0,109180.5,0.4166666666666667,109180.5,0.9630188679245283,0.639,0.776,0.389,0.05600000000000005,0,0,0,0,0,0,0.6761408079103559,0.8,0.2,0.0,0.0,defaults,False,0.9422826388295305,0.9282334734870141,0.7731789048618122,True
299,Hey Baby,Crush,433,0.6910126827055126,0.8582554605867874,0.022041571180413493,0.8,0.2,0.6720726046368507,False,True,False,0.9289947562037882,0.8503761326747827,0.690168643479246,0.8254559245260098,0.6,1.0,17794.733333333334,1.0,17794.733333333334,0.9630188679245283,0.639,0.776,0.06099999999999994,0.18399999999999994,0,0,0,0,0,0,0.6910126827055126,0.8,0.2,0.0,0.0,defaults,False,0.9107954718644402,0.9590101909952226,0.7724492860658002,True
2312,High High,GD&TOP,685,0.6668684753626868,0.8285901936996798,0.019981602014715046,0.8,0.2,0.6654228720214551,True,False,False,0.9696989862953227,0.7153668943689689,0.6445026697842858,0.7367366375211161,0.6,1.0,16131.666666666666,1.0,16131.666666666666,0.9630188679245283,0.639,0.776,0.07899999999999996,0.08399999999999996,0,0,0,0,0,0,0.6668684753626868,0.8,0.2,0.0,0.0,defaults,False,0.9773955635459214,0.943814765586842,0.7713241913090947,True
432,Girls On the Dance Floor,Far East Movement,628,0.6701383120656677,0.7826350036600227,0.22015154568824719,0.8,0.2,0.6875800973503106,False,True,False,0.9558737471948963,0.7155506812212353,0.6224572053521856,0.7486759223619117,0.3333333333333333,1.0,123912.33333333333,0.6666666666666666,123912.33333333333,0.9630188679245283,0.639,0.776,0.14100000000000001,0.04600000000000004,0,0,0,0,0,0,0.6701383120656677,0.8,0.2,0.0,0.0,defaults,False,0.9602228660044377,0.9415333964502466,0.7698984925769496,True
292,Reddi Wip,Chris Brown,375,0.663403779369818,0.7848198449190945,0.17773951717271164,0.8,0.2,0.6908605912614261,False,True,False,0.9551492499981082,0.7337643937687828,0.6427170051536454,0.6938809123694821,0.3333333333333333,1.0,89672.0,0.6666666666666666,89672.0,0.9630188679245283,0.639,0.776,0.041000000000000036,0.126,0,0,0,0,0,0,0.663403779369818,0.8,0.2,0.0,0.0,defaults,False,0.9766506425182541,0.9335100786425143,0.7696969563967913,True
1172,Hyperstar,CHANGMO,309,0.665484417461675,0.8271078011124138,0.018990882858719416,0.8,0.2,0.6738981445091131,True,False,False,0.974870105763063,0.7448154581379083,0.5929037882520198,0.7555884832616567,0.6,1.0,15331.833333333334,1.0,15331.833333333332,0.9630188679245283,0.639,0.776,0.09899999999999998,0.05600000000000005,0,0,0,0,0,0,0.665484417461675,0.8,0.2,0.0,0.0,defaults,False,0.9732811074007702,0.9442541852649069,0.7686179126289248,True
520,REMEDY,CHANGMO,309,0.6664434235603663,0.816224406777807,0.06731949069060328,0.8,0.2,0.6821772724576367,True,False,False,0.9696535460286484,0.7448154581379083,0.5766151767029974,0.7555884832616567,0.6,1.0,34165.625,0.875,34165.625,0.9630188679245283,0.639,0.776,0.139,0.246,0,0,0,0,0,0,0.6664434235603663,0.8,0.2,0.0,0.0,defaults,False,0.9667466536452037,0.939410292379905,0.7685853611779464,True
545,Sara it né (Prod. GRAY),GRAY,694,0.6678601184969454,0.8293183887199407,0.022027037604964005,0.8,0.2,0.6712948744729269,True,False,False,0.9696635656906905,0.7448154581379083,0.6137180537745711,0.7555884832616567,0.6,1.0,17783.0,1.0,17783.0,0.9630188679245283,0.639,0.776,0.029000000000000026,0.10399999999999998,0,0,0,0,0,0,0.6678601184969454,0.8,0.2,0.0,0.0,defaults,False,0.9659746214695908,0.9466155387800771,0.7683293971818071,True
668,AIYA,CHANGMO,309,0.6663777265761622,0.8285405014829827,0.01772662694888043,0.8,0.2,0.6693948619808202,True,False,False,0.9658635407064772,0.7448154581379083,0.622128419976272,0.7555884832616567,0.6,1.0,14311.166666666666,1.0,14311.166666666666,0.9630188679245283,0.639,0.776,0.15900000000000003,0.04399999999999993,0,0,0,0,0,0,0.6663777265761622,0.8,0.2,0.0,0.0,defaults,False,0.969920054271417,0.9473995762207069,0.7678738276134459,True
6648,Dirty Diana,Michael Jackson,1287,0.6638704525134697,0.8297761327419102,0.0002477315997071974,0.8,0.2,0.6866969117739287,False,True,False,0.966216175594981,0.8304441198821908,0.607621667286217,0.8039250777911549,0.3333333333333333,1.0,400.0,1.0,0.0,0.9630188679245283,0.639,0.776,0.269,0.006000000000000005,0,0,0,0,0,0,0.6638704525134697,0.8,0.2,0.0,0.0,defaults,False,0.9680111509417281,0.9322623944482754,0.767821318906333,True
2835,Out The Way,Dear Silas,492,0.6818754666169161,0.7574547843157046,0.3795581958217618,0.8,0.2,0.7124188209857271,False,False,True,0.9284318055422562,0.6599088921001004,0.7247503526182387,0.6417667788796513,0.3333333333333333,1.0,144962.0,0.0,144962.0,0.9630188679245283,0.639,0.776,0.11099999999999999,0.19600000000000006,0,0,0,0,0,0,0.6818754666169161,0.8,0.2,0.0,0.0,defaults,False,0.926533325709935,0.9647257473373708,0.7668903148624223,True
2803,You Can't Save Me,SiR,1725,0.660535595847189,0.7201070806946669,0.4222496564572778,0.8,0.2,0.7852006052855971,False,False,True,0.9277165139365754,0.6599088921001004,0.6208410447829527,0.6417667788796513,0.3333333333333333,2.0,138148.75,0.25,139974.50243261145,0.9630188679245283,0.639,0.776,0.08899999999999997,0.19600000000000006,0,0,0,0,0,0,0.660535595847189,0.8,0.2,0.0,0.0,defaults,False,0.9475331742624951,0.8939826349048994,0.7659990211449577,True
941,"AWESOME (Feat. Jay Park, GRAY)",Loco,1157,0.6665988354973469,0.8327221150973059,0.002105717097511054,0.8,0.2,0.6718954504617268,True,False,False,0.9708647176682903,0.7448154581379083,0.6200143773772575,0.7555884832616567,0.6,1.0,1700.0,1.0,1700.0,0.9630188679245283,0.639,0.776,0.19099999999999995,0.09399999999999997,0,0,0,0,0,0,0.6665988354973469,0.8,0.2,0.0,0.0,defaults,False,0.9699286690966297,0.9604647657215816,0.7654844830820196,True
322,진흙 속에서 피는 꽃 Flower from the Mud (feat. Kebee & MC Meta),The Quiett,1902,0.6617057017059206,0.7802952648208341,0.18734744924626603,0.8,0.2,0.6586442124892441,True,False,False,0.9673924731061192,0.6388514004998969,0.6094301604280232,0.6676135733072305,0.6,1.0,133309.88888888888,0.8888888888888888,133309.88888888888,0.9630188679245283,0.639,0.776,0.11099999999999999,0.09599999999999997,0,0,0,0,0,0,0.6617057017059206,0.8,0.2,0.0,0.0,defaults,False,0.9773851600551207,0.9517852187639188,0.7645642059696731,True
2414,Put 'Em Up (feat. Pharrell),N.O.R.E.,1341,0.6624307711540555,0.8268617397439602,0.004706896794436454,0.8,0.2,0.6769632915467835,False,True,False,0.9635167835664368,0.7885244988178253,0.6592143240681764,0.7659917582879401,0.3333333333333333,1.0,3800.0,1.0,3800.0,0.9630188679245283,0.639,0.776,0.16100000000000003,0.08399999999999996,0,0,0,0,0,0,0.6624307711540555,0.8,0.2,0.0,0.0,defaults,False,0.9742672954916228,0.9511957605380839,0.7644718076939255,True
1964,REASONS,Loopy,1160,0.6592455501480808,0.824056937635101,2.000000165480742e-10,0.8,0.2,0.6644209139918537,True,False,False,0.9676950702361199,0.7153668943689689,0.6372460206260889,0.7367366375211161,0.6,1.0,0.0,1.0,0.0,0.9630188679245283,0.639,0.776,0.009000000000000008,0.016000000000000014,0,0,0,0,0,0,0.6592455501480808,0.8,0.2,0.0,0.0,defaults,False,0.9742530459926783,0.9401026689055065,0.763500930164783,True
2787,I Left My Wallet in El Segundo,A Tribe Called Quest,40,0.6610693041305553,0.7575198820341854,0.27526699251603426,0.8,0.2,0.7237212155881226,True,False,True,0.9700469381363398,0.6123830336268693,0.6625162239929382,0.6099725364065482,0.3333333333333333,1.0,60765.0,0.0,60765.0,0.9630188679245283,0.639,0.776,0.241,0.05399999999999994,0,0,0,0,0,0,0.6610693041305553,0.8,0.2,0.0,0.0,defaults,False,0.9829411093953154,0.9635793015340895,0.7632357766423319,True
1186,Straight Outta Compton,N.W.A.,1342,0.6626824581099736,0.7757019502603607,0.2106044895084252,0.8,0.2,0.6998426749777013,False,True,False,0.9615001824272125,0.7337643937687828,0.5991184282570624,0.6938809123694821,0.3333333333333333,1.0,105440.4,0.6,105440.4,0.9630188679245283,0.639,0.776,0.269,0.16399999999999992,0,0,0,0,0,0,0.6626824581099736,0.8,0.2,0.0,0.0,defaults,False,0.9570091133190006,0.9358744641673209,0.7626102992722096,True
809,Stay With Me,Pharrell Williams,1489,0.6826023826389707,0.8038721932210898,0.197523140310494,0.8,0.2,0.7031123675945257,False,True,False,0.9315439402931148,0.8540365496967641,0.6086851753688297,0.8107230430474032,0.3333333333333333,1.0,105643.83333333333,0.6666666666666666,105643.83333333333,0.9630188679245283,0.639,0.776,0.189,0.15600000000000003,0,0,0,0,0,0,0.6826023826389707,0.8,0.2,0.0,0.0,defaults,False,0.9028380702631282,0.9549636176471794,0.7624610801884733,True
2692,Ex-Factor,Ms. Lauryn Hill,1329,0.6758395450613244,0.7814798863084774,0.2532781800727117,0.8,0.2,0.7206195474101947,False,True,False,0.9128523834575962,0.7885244988178253,0.6720666456255954,0.7659917582879401,0.3333333333333333,2.0,50290.6,0.7,100321.2,0.9630188679245283,0.639,0.776,0.031000000000000028,0.15600000000000003,0,0,0,0,0,0,0.6758395450613244,0.8,0.2,0.0,0.0,defaults,False,0.9175166516119899,0.9443309857074327,0.7622283434034348,True
1269,Weekend,DJ Wegun,461,0.6553396741431671,0.8123732431740918,0.02720539801946817,0.8,0.2,0.6540990751791677,True,False,False,0.9642784568302571,0.6722992338201954,0.6710900996337608,0.6902162513718697,0.6,1.0,21963.625,1.0,21963.625,0.9630188679245283,0.639,0.776,0.30099999999999993,0.016000000000000014,0,0,0,0,0,0,0.6553396741431671,0.8,0.2,0.0,0.0,defaults,False,0.9825145801921167,0.9470623707315858,0.7606815740544848,True
2313,Oh Yeah (Feat. Park Bom),GD&TOP,685,0.6588916523383453,0.8102438824022358,0.0534827320827833,0.8,0.2,0.6660507064085769,True,False,False,0.9709546550695662,0.7153668943689689,0.5889696667739356,0.7367366375211161,0.6,1.0,43178.0,1.0,43178.0,0.9630188679245283,0.639,0.776,0.049000000000000044,0.014000000000000012,0,0,0,0,0,0,0.6588916523383453,0.8,0.2,0.0,0.0,defaults,False,0.9669245688342335,0.9451330490684572,0.759942413174924,True
354,Meet Me When This Rain Stops (Feat. Hoody),sogumm,2182,0.6574729500521924,0.7611653886684094,0.24270319558732448,0.8,0.2,0.706668352458304,True,False,False,0.97230341335055,0.6973350726005285,0.6428891525143002,0.6287403642453915,0.14285714285714285,1.0,115208.0,0.5,115208.0,0.9630188679245283,0.639,0.776,0.07099999999999995,0.08399999999999996,0,0,0,0,0,0,0.6574729500521924,0.8,0.2,0.0,0.0,defaults,False,0.9758225978207085,0.9520850420426991,0.7598027209898651,True
1913,Cứ Chill Thôi,Chillies,371,0.6573558378417645,0.688085449901032,0.5344373896046942,0.8,0.2,0.7221732538621604,True,False,True,0.9718686570133312,0.5581983141482422,0.5924983624336888,0.5397611348367038,0.14285714285714285,1.0,270000.0,0.0,270000.0,0.9630188679245283,0.639,0.776,0.029000000000000026,0.16600000000000004,0,0,0,0,0,0,0.6573558378417645,0.8,0.2,0.0,0.0,defaults,False,0.9736669177709897,0.9501154660807013,0.7594328199569211,True
1088,Safe + Sound,DJ Quik,459,0.654846115937062,0.7485069931150149,0.2802026072252501,0.8,0.2,0.686614957272556,True,False,False,0.9661774385685177,0.6123830336268693,0.6477685225566293,0.6099725364065482,0.3333333333333333,1.0,145482.25,0.5,145482.25,0.9630188679245283,0.639,0.776,0.131,0.05399999999999994,0,0,0,0,0,0,0.654846115937062,0.8,0.2,0.0,0.0,defaults,False,0.9833833764926279,0.9526257423007051,0.7593359804247094,True
327,뛰어가 Run (feat. Tiger JK & Jinbo),The Quiett,1902,0.6550027146704284,0.7972562946356117,0.08598839480969486,0.8,0.2,0.6505889677147819,True,False,False,0.9706373752296051,0.6388514004998969,0.6484615211326884,0.6676135733072305,0.6,1.0,69420.66666666667,1.0,69420.66666666667,0.9630188679245283,0.639,0.776,0.14100000000000001,0.11399999999999999,0,0,0,0,0,0,0.6550027146704284,0.8,0.2,0.0,0.0,defaults,False,0.9853174002179526,0.9572748692332512,0.7591429608891639,True
5548,sugarhoneyiceicetea,SEB,1633,0.6539720038102446,0.7156312350093232,0.40733507901392946,0.8,0.2,0.7064299414766425,True,False,False,0.9720228368831458,0.5581983141482422,0.6701797654511786,0.5397611348367038,0.14285714285714285,1.0,167387.0,0.0,167387.0,0.9630188679245283,0.639,0.776,0.21099999999999997,0.04600000000000004,0,0,0,0,0,0,0.6539720038102446,0.8,0.2,0.0,0.0,defaults,False,0.9860719620445282,0.9538383035984814,0.7590259317039066,True
2407,It Wasn't Us (feat. I-20),Ludacris,1174,0.6556034693168757,0.8178569227880419,0.006589655432211028,0.8,0.2,0.6775563804357246,False,True,False,0.9647029613443191,0.7885244988178253,0.6303653243496693,0.7659917582879401,0.3333333333333333,1.0,5320.0,1.0,5320.0,0.9630188679245283,0.639,0.776,0.02100000000000002,0.16600000000000004,0,0,0,0,0,0,0.6556034693168757,0.8,0.2,0.0,0.0,defaults,False,0.9752738868450863,0.94676521314171,0.7588325927420596,True
934,1999 (feat. GRAY),g2,2129,0.6585540644263673,0.8206781067759312,0.01005789502811156,0.8,0.2,0.6642317479909164,True,False,False,0.9673167382342455,0.7153668943689689,0.628721558420086,0.7367366375211161,0.6,1.0,8120.0,1.0,8120.0,0.9630188679245283,0.639,0.776,0.16100000000000003,0.10399999999999998,0,0,0,0,0,0,0.6585540644263673,0.8,0.2,0.0,0.0,defaults,False,0.9713740159351547,0.9562204431832604,0.7587221805702616,True
937,In This B*tch,Jay Park,896,0.6755901971168282,0.8437538420744026,0.00293561728653011,0.8,0.2,0.6660162743765058,False,True,False,0.9320518788536489,0.8124516747484067,0.6830797677948829,0.800885732289965,0.6,1.0,2370.0,1.0,2370.0,0.9630188679245283,0.639,0.776,0.029000000000000026,0.15600000000000003,0,0,0,0,0,0,0.6755901971168282,0.8,0.2,0.0,0.0,defaults,False,0.9180482207327616,0.9620293088344113,0.7585988015697744,True
4443,Replay,Iyaz,836,0.6620356526556456,0.7210909151257854,0.4258146027750866,0.8,0.2,0.7235379784339869,True,False,False,0.9547680960064453,0.6868753511267156,0.5071262039715342,0.6810835531994404,0.3333333333333333,1.0,182306.0,0.0,182305.99999999997,0.9630188679245283,0.639,0.776,0.439,0.026000000000000023,0,0,0,0,0,0,0.6620356526556456,0.8,0.2,0.0,0.0,defaults,False,0.9338302530669674,0.9183774487073173,0.7585092388342722,True
2697,Alright,Kendrick Lamar,1023,0.6552342779426593,0.8015575523013252,0.06994118050799604,0.8,0.2,0.6575505324522845,True,False,False,0.9711813713764909,0.6722992338201954,0.621134959714486,0.6902162513718697,0.6,1.0,56465.333333333336,1.0,56465.333333333336,0.9630188679245283,0.639,0.776,0.07899999999999996,0.006000000000000005,0,0,0,0,0,0,0.6552342779426593,0.8,0.2,0.0,0.0,defaults,False,0.9751076528712553,0.9508151868426375,0.7576035364355085,True
2417,Popular Thug (feat. Nas),Kelis,1019,0.6534986256039386,0.8144733840202598,0.009599591938653276,0.8,0.2,0.6779239515568064,False,True,False,0.9654381035864826,0.7885244988178253,0.6187167674935967,0.7659917582879401,0.3333333333333333,1.0,7750.0,1.0,7750.0,0.9630188679245283,0.639,0.776,0.08099999999999996,0.016000000000000014,0,0,0,0,0,0,0.6534986256039386,0.8,0.2,0.0,0.0,defaults,False,0.9748785975751936,0.9487940662917177,0.7562033916181531,True
1910,BBIBBI,IU,814,0.6532592521275014,0.7336493389520062,0.3316989048294815,0.8,0.2,0.7145001332455522,True,False,False,0.9695550877432882,0.6344907123976167,0.6412126568239299,0.591871988031523,0.14285714285714285,1.0,146690.25,0.25,146690.25,0.9630188679245283,0.639,0.776,0.18099999999999994,0.15600000000000003,0,0,0,0,0,0,0.6532592521275014,0.8,0.2,0.0,0.0,defaults,False,0.9807264336272871,0.9568424242840142,0.7561086973588846,True
5441,Can't Take My Eyes Off of You - (I Love You Baby),Ms. Lauryn Hill,1329,0.6679607320532744,0.7939370371235815,0.1640555117720462,0.8,0.2,0.6755836517098779,False,True,False,0.9037344157282887,0.7885244988178253,0.7328647631133571,0.7659917582879401,0.3333333333333333,1.0,67860.2,0.6,67860.2,0.9630188679245283,0.639,0.776,0.009000000000000008,0.11599999999999999,0,0,0,0,0,0,0.6679607320532744,0.8,0.2,0.0,0.0,defaults,False,0.9166798655501646,0.9379768814447927,0.7553693154293653,True
1775,Got It Like That,Cha Cha Malone,346,0.6704514435171681,0.7493181406859779,0.35498465484192887,0.8,0.2,0.6999996817593943,False,True,False,0.9306913819864624,0.6690453628277383,0.6935611381578868,0.6303574846282711,0.3333333333333333,1.0,165897.18181818182,0.25252525252525254,165897.18181818185,0.9630188679245283,0.639,0.776,0.06099999999999994,0.06600000000000006,0,0,0,0,0,0,0.6704514435171681,0.8,0.2,0.0,0.0,defaults,False,0.9258507710767102,0.9643931534176496,0.7553280441566512,True
2572,AVE!,Oblé Reed,1414,0.6523210987971019,0.7106539728180888,0.4189896027131538,0.8,0.2,0.7096119776737051,True,False,True,0.9765738732051595,0.5255195063827325,0.6105295706234024,0.5503497313469208,0.3333333333333333,1.0,176796.0,0.0,176796.0,0.9630188679245283,0.639,0.776,0.031000000000000028,0.18600000000000005,0,0,0,0,0,0,0.6523210987971019,0.8,0.2,0.0,0.0,defaults,False,0.9791362396915408,0.9546404586145016,0.7551338789816637,True
4276,Doo Wop (That Thing),Ms. Lauryn Hill,1329,0.6696432584010316,0.7783983107832321,0.2346230488722294,0.8,0.2,0.6910447421576139,False,True,False,0.9166796847880978,0.7885244988178253,0.652635720155038,0.7659917582879401,0.3333333333333333,2.0,74943.125,1.0,142426.25,0.9630188679245283,0.639,0.776,0.139,0.266,0,0,0,0,0,0,0.6696432584010316,0.8,0.2,0.0,0.0,defaults,False,0.911610687000799,0.9434660107008256,0.7544332623611061,True
64,Ring Ring Ring,"Tyler, The Creator",1970,0.6504795397499634,0.7014080602495127,0.4467654577517659,0.8,0.2,0.8396343600122639,False,False,True,0.9649008726936368,0.5255195063827325,0.616921939559002,0.5503497313469208,0.3333333333333333,3.0,87924.0,0.4444444444444444,131110.56239907624,0.9630188679245283,0.639,0.776,0.050999999999999934,0.05600000000000005,0,0,0,0,0,0,0.6504795397499634,0.8,0.2,0.0,0.0,defaults,False,0.9748227711645064,0.9438437352236442,0.7541576240545864,True
4189,Body (feat. Cash Cobain),A Boogie Wit da Hoodie,38,0.6506276867931424,0.7038290725617047,0.43782214371889366,0.8,0.2,0.6990025152906445,True,False,False,0.9702395076173537,0.5255195063827325,0.6088725584504278,0.5503497313469208,0.3333333333333333,1.0,192000.0,0.0,192000.0,0.9630188679245283,0.639,0.776,0.06900000000000006,0.22599999999999998,0,0,0,0,0,0,0.6506276867931424,0.8,0.2,0.0,0.0,defaults,False,0.9738910753884549,0.9437614931951497,0.7540427107706489,True
2319,Of All Days,GD&TOP,685,0.6517510088446814,0.8134730191617887,0.004862967576251977,0.8,0.2,0.6688058187928939,True,False,False,0.9764648798382004,0.7153668943689689,0.5827325251169081,0.7367366375211161,0.6,1.0,3926.0,1.0,3926.0,0.9630188679245283,0.639,0.776,0.189,0.006000000000000005,0,0,0,0,0,0,0.6517510088446814,0.8,0.2,0.0,0.0,defaults,False,0.969162454085625,0.9480293785897332,0.7528938693524223,True
6565,London Bridge,Fergie,635,0.6486106203994406,0.8107137291693592,0.00019818531976576126,0.8,0.2,0.6770089258556452,False,True,False,0.9374032318325848,0.8540365496967641,0.6117165894511328,0.8107230430474032,0.3333333333333333,1.0,320.0,1.0,0.0,0.9630188679245283,0.639,0.776,0.01100000000000001,0.16600000000000004,0,0,0,0,0,0,0.6486106203994406,0.8,0.2,0.0,0.0,defaults,False,0.9605203303272711,0.9199162669755536,0.7527834661025112,True
2279,I Want You,Crush,433,0.6750564977544341,0.7779565845934597,0.26345615039833126,0.8,0.2,0.6921093452844643,False,True,False,0.8773848032612825,0.8503761326747827,0.6066476759018015,0.8254559245260098,0.6,1.0,127713.31578947368,0.47368421052631576,127713.31578947368,0.9630188679245283,0.639,0.776,0.359,0.05600000000000005,0,0,0,0,0,0,0.6750564977544341,0.8,0.2,0.0,0.0,defaults,False,0.8489069853120753,0.8876108260543558,0.7522064281371855,True
1908,Beg,Leon Thomas,1121,0.6485509188069911,0.7717809664072777,0.15563072840584427,0.8,0.2,0.7014483374381141,True,False,False,0.9797510439656307,0.7251986397334164,0.6344788663216341,0.6189680715281034,0.14285714285714285,1.0,71823.0,0.6666666666666666,71823.0,0.9630188679245283,0.639,0.776,0.09099999999999997,0.10599999999999998,0,0,0,0,0,0,0.6485509188069911,0.8,0.2,0.0,0.0,defaults,False,0.9856254863924704,0.9605152851296882,0.7521355076987946,True
2416,Pop Sh*t (feat. Pharrell),Ol' Dirty Bastard,1424,0.6515009143141892,0.8135090829437612,0.0034682397959005487,0.8,0.2,0.6774633724886675,True,True,False,0.964516945450205,0.7885244988178253,0.618555744852714,0.7659917582879401,0.3333333333333333,1.0,2800.0,1.0,2800.0,0.9630188679245283,0.639,0.776,0.050999999999999934,0.08600000000000008,0,0,0,0,0,0,0.6515009143141892,0.8,0.2,0.0,0.0,defaults,False,0.9618169164863363,0.9428192920811034,0.7514821308438694,True
1665,Fuck You,CeeLo Green,342,0.6441275311105097,0.8018998879464898,0.013038103766588946,0.8,0.2,0.659495489840614,False,True,False,0.9379634678878792,0.7650687794833723,0.6804328634716706,0.7625153474164186,0.3333333333333333,1.0,10526.0,1.0,10526.0,0.9630188679245283,0.639,0.776,0.10099999999999998,0.05399999999999994,0,0,0,0,0,0,0.6441275311105097,0.8,0.2,0.0,0.0,defaults,False,0.9663802235261233,0.9177408226347745,0.7504934336413918,True
6520,Big Girls Don't Cry (Personal),Fergie,635,0.6510723300732829,0.8084599962042132,0.021521665549561357,0.8,0.2,0.6915048507192659,False,True,False,0.9663950815598262,0.8540365496967641,0.52433028665687,0.8107230430474032,0.3333333333333333,1.0,34750.0,1.0,0.0,0.9630188679245283,0.639,0.776,0.389,0.136,0,0,0,0,0,0,0.6510723300732829,0.8,0.2,0.0,0.0,defaults,False,0.9498901228045253,0.928207142664268,0.7503979383817869,True
1733,Growing Up (Feat. ELO),Loco,1157,0.6484548102471847,0.7978494665909313,0.05087618487219757,0.8,0.2,0.6658091952517443,True,False,False,0.970471632755901,0.7153668943689689,0.5551720043432934,0.7367366375211161,0.6,1.0,41073.666666666664,1.0,41073.666666666664,0.9630188679245283,0.639,0.776,0.06900000000000006,0.17600000000000005,0,0,0,0,0,0,0.6484548102471847,0.8,0.2,0.0,0.0,defaults,False,0.9692400980524262,0.9462106316100136,0.7499847133409097,True
2409,If,Nelly,1366,0.6464640866172607,0.8060208409615099,0.00823706924026378,0.8,0.2,0.6573577480460062,True,False,False,0.9707958025639343,0.6722992338201954,0.6348687720368622,0.6902162513718697,0.6,1.0,6650.0,1.0,6650.0,0.9630188679245283,0.639,0.776,0.22099999999999997,0.11599999999999999,0,0,0,0,0,0,0.6464640866172607,0.8,0.2,0.0,0.0,defaults,False,0.9840962873640637,0.9611689561986354,0.7494591815867527,True
